customer_city,customer_state,total_orders,total_customers,total_revenue,avg_order_value,avg_monthly_orders,active_months,first_month,last_month,avg_mom_growth,early_avg_revenue,recent_avg_revenue,growth_rate_pct,revenue_share_pct,revenue_rank,market_size_score,growth_score,opportunity_score
adamantina,SP,35,35,6108.5,161.18839285714284,2.5,14,2017-05,2018-08,405.36720739130794,,619.445,,0.04820502461161844,335.0,2,1,1.5
aguas de lindoia,SP,22,22,3758.36,137.04680555555555,1.8333333333333333,12,2017-02,2018-07,147.16723853354623,,517.035,,0.029658972955606495,453.0,1,1,1.0
aguas lindas de goias,GO,23,23,2624.0,96.10227272727273,2.090909090909091,11,2017-03,2018-08,112.27555691151538,,247.75,,0.020707208738788046,514.0,1,1,1.0
alagoinhas,BA,40,40,7428.33,180.72321666666667,2.6666666666666665,15,2017-02,2018-08,180.79870895813409,,1239.24,,0.05862041916562554,288.0,3,1,2.0
alegrete,RS,35,35,5296.24,131.26253125,2.1875,16,2017-03,2018-08,92.34122708294063,,749.3066666666667,,0.0417951018333532,379.0,2,1,1.5
alem paraiba,MG,28,28,3548.3199999999997,118.83852941176471,1.6470588235294117,17,2016-10,2018-08,73.49228408760466,89.38000000000001,203.05666666666664,127.18356082643389,0.028001449280494056,467.0,1,5,3.0
alfenas,MG,41,41,6278.6,130.40543492063492,2.7333333333333334,15,2017-04,2018-08,34.99243505265283,,320.94,,0.04954736310493699,328.0,2,1,1.5
almirante tamandare,PR,35,35,5041.83,136.12123958333333,2.1875,16,2017-02,2018-08,89.65504111862357,,296.33500000000004,,0.03978743377876667,398.0,2,1,1.5
altamira,PA,24,24,6335.1,250.95637777777776,1.6,15,2017-02,2018-08,94.07527054733282,,249.86,,0.04999323097602751,326.0,2,1,1.5
alvorada,RS,49,49,7282.89,135.142125,3.0625,16,2017-04,2018-08,61.56141622736471,,278.07666666666665,,0.05747268424223784,292.0,3,1,2.0
americana,SP,213,211,27730.2,117.53625063730281,11.210526315789474,19,2017-02,2018-08,35.23246862434915,,1914.6233333333332,,0.21883195113122728,77.0,5,1,3.0
amparo,SP,62,61,12466.42,165.57286554621848,3.6470588235294117,17,2017-02,2018-08,90.86411221025887,,759.0500000000001,,0.09837833885876603,173.0,4,1,2.5
ananindeua,PA,83,81,18092.25,220.68983201058205,3.9523809523809526,21,2016-10,2018-08,156.44043123330007,237.45,1091.5233333333333,359.68554783463185,0.14277438921659225,128.0,4,5,4.5
anapolis,GO,109,108,19795.91,151.10234413580247,6.055555555555555,18,2017-02,2018-08,50.94516023357123,,786.39,,0.15621876545131924,113.0,4,1,2.5
andradina,SP,40,39,7087.49,187.7553711484594,2.3529411764705883,17,2017-01,2018-08,104.4811486345448,,471.90000000000003,,0.05593069164027168,299.0,3,1,2.0
angra dos reis,RJ,81,80,21077.05,179.23755791576843,4.2631578947368425,19,2017-01,2018-08,94.35111400003638,,334.3866666666667,,0.16632883915696364,104.0,5,1,3.0
aparecida,SP,23,21,3750.8999999999996,163.22897435897434,1.7692307692307692,13,2017-04,2018-08,261.75663486345286,,118.28999999999999,,0.029600102613689054,454.0,1,1,1.0
aparecida de goiania,GO,104,101,16509.47,137.507276558098,4.9523809523809526,21,2016-10,2018-08,130.62812362001847,74.15,955.1366666666667,1188.1141829624632,0.13028393348199663,136.0,4,5,4.5
apucarana,PR,50,49,8068.11,125.52521957671956,2.7777777777777777,18,2017-02,2018-08,61.68676974365268,,393.75,,0.06366922175971922,265.0,3,1,2.0
aracaju,SE,211,209,42124.4,167.2890703583298,10.047619047619047,21,2016-10,2018-08,113.93069330372535,79.99,3543.4366666666665,4329.8495645288995,0.33242330175160184,47.0,5,5,5.0
aracati,CE,21,21,3413.0,151.7375,1.9090909090909092,11,2017-02,2018-06,74.99678780170072,,485.34000000000003,,0.0269335760005654,477.0,1,1,1.0
aracatuba,SP,137,137,18805.23,113.25541419545368,7.2105263157894735,19,2017-02,2018-08,21.34758099730568,,1459.7966666666669,,0.14840084717641736,120.0,4,1,2.5
aracruz,ES,38,36,4758.28,104.60422222222222,2.533333333333333,15,2017-02,2018-08,243.1247461761318,,292.32666666666665,,0.03754980838323186,414.0,2,1,1.5
araguaina,TO,38,38,8946.12,240.58522222222226,2.533333333333333,15,2017-02,2018-08,135.14646697849062,,539.3133333333334,,0.07059800847646591,240.0,3,1,2.0
araguari,MG,54,53,12089.449999999999,165.25534970238095,3.375,16,2017-02,2018-08,149.85473728161395,,1092.6799999999998,,0.09540349263991658,180.0,4,1,2.5
arapiraca,AL,28,27,10114.23,373.62720833333333,1.75,16,2017-02,2018-08,251.34012736877523,,278.7966666666667,,0.07981610969592692,213.0,3,1,2.0
arapongas,PR,30,30,6926.85,160.35552083333334,1.875,16,2017-02,2018-08,148.158126760931,,955.02,,0.054663006422360515,306.0,3,1,2.0
araraquara,SP,148,147,22478.81,136.19000456904206,7.4,20,2017-01,2018-08,75.01641850245254,,1993.5866666666668,,0.17739078158138574,95.0,5,1,3.0
araras,SP,92,91,14873.05,188.4704523809524,4.842105263157895,19,2017-02,2018-08,99.90064862340263,,1125.6000000000001,,0.11737017947120104,149.0,4,1,2.5
araruama,RJ,74,72,18836.77,228.20258245149913,4.111111111111111,18,2017-03,2018-08,434.0829931273772,,308.9966666666667,,0.14864974403755354,119.0,4,1,2.5
araucaria,PR,53,53,6190.87,88.84998315746753,3.3125,16,2017-01,2018-08,104.69289305092033,,603.4533333333333,,0.0488550447274012,330.0,2,1,1.5
araxa,MG,73,73,14252.01,154.10550375939852,3.8421052631578947,19,2017-01,2018-08,113.62534979873973,,378.51666666666665,,0.11246926296390802,154.0,4,1,2.5
arcos,MG,25,25,5989.360000000001,194.05720512820514,1.9230769230769231,13,2017-02,2018-06,106.12584977711931,,578.85,,0.04726483526362332,344.0,2,1,1.5
armacao dos buzios,RJ,28,27,5579.360000000001,193.6977692307692,2.1538461538461537,13,2017-07,2018-08,51.38720299861592,,701.1666666666666,,0.04402933389818769,361.0,2,1,1.5
arraial do cabo,RJ,27,26,6030.27,162.03444444444443,2.25,12,2017-06,2018-07,53.8076811084972,,228.20499999999998,,0.047587675168159836,341.0,2,1,1.5
artur nogueira,SP,40,40,6723.88,196.76767156862743,2.3529411764705883,17,2017-02,2018-08,134.69560735008278,,863.9433333333333,,0.05306127541713498,312.0,3,1,2.0
aruja,SP,67,66,8567.61,125.9946829573935,3.526315789473684,19,2017-01,2018-08,88.71325660032318,,431.91,,0.06761100939882922,246.0,3,1,2.0
assis,SP,83,80,13646.76,136.09742212904055,4.368421052631579,19,2017-02,2018-08,139.73759600336746,,470.3766666666667,,0.10769295271651799,162.0,4,1,2.5
atibaia,SP,151,149,22750.469999999998,127.55699848484849,7.55,20,2017-01,2018-08,39.01894944622527,,1384.3233333333335,,0.1795345774373229,92.0,5,1,3.0
avare,SP,63,63,9713.47,138.05143694885362,3.5,18,2017-03,2018-08,45.97912577395486,,1111.1866666666667,,0.07665352548321476,219.0,3,1,2.0
bage,RS,60,60,10145.01,164.26428333333334,3.0,20,2016-10,2018-08,66.326064633155,154.10000000000002,861.11,458.79948085658657,0.08005900904233694,211.0,3,5,4.0
balneario camboriu,SC,94,93,18607.87,184.39961027568924,4.947368421052632,19,2017-01,2018-08,112.9358257693215,,685.35,,0.1468433872996311,124.0,4,1,2.5
barbacena,MG,79,78,14209.710000000001,163.74004678362576,4.157894736842105,19,2017-01,2018-08,90.12950660463117,,702.1033333333334,,0.112135453920596,155.0,4,1,2.5
barra bonita,SP,28,28,4107.45,128.58411111111113,1.8666666666666667,15,2017-02,2018-08,268.6254045761486,,131.07666666666668,,0.032413805081606316,438.0,1,1,1.0
barra do garcas,MT,24,24,4868.51,125.42388888888888,2.0,12,2017-01,2018-07,462.28813130635103,,751.3,,0.03841968476252935,408.0,2,1,1.5
barra do pirai,RJ,49,48,6015.99,119.12012301587303,2.7222222222222223,18,2017-02,2018-08,162.01084644150671,,159.09,,0.04747498502304173,343.0,2,1,1.5
barra mansa,RJ,119,119,21469.47,145.86067301587303,5.95,20,2017-01,2018-08,106.46650769911639,,531.0666666666667,,0.16942560853702282,100.0,5,1,3.0
barreiras,BA,51,50,12687.51,234.677484375,3.1875,16,2017-03,2018-08,138.5431066260618,,840.3066666666667,,0.10012306324141033,172.0,4,1,2.5
barretos,SP,67,66,10288.82,129.37109064327487,3.526315789473684,19,2017-01,2018-08,121.202122765999,,472.9166666666667,,0.08119388087493035,210.0,4,1,2.5
barueri,SP,413,408,56499.01,127.78499535306972,20.65,20,2016-10,2018-08,47.80043396269462,161.24,4167.246666666667,2484.499297114033,0.44586005853844257,34.0,5,5,5.0
batatais,SP,27,26,6130.55,244.1073076923077,2.076923076923077,13,2017-07,2018-08,244.6294873384638,,349.6666666666667,,0.04837903145334492,333.0,2,1,1.5
bauru,SP,259,257,43909.21,161.40159798914866,12.95,20,2017-01,2018-08,154.0444163514451,,3323.0733333333333,,0.34650807051268273,43.0,5,1,3.0
bebedouro,SP,51,51,6140.51,116.13792195767195,2.8333333333333335,18,2016-10,2018-08,44.85175096778051,119.78999999999999,288.00666666666666,140.4263015833264,0.04845763046212477,331.0,2,5,3.5
belem,PA,416,412,85812.62999999999,180.46278496656768,20.8,20,2017-01,2018-08,49.07921977063836,,6071.709999999999,,0.6771875159429822,20.0,5,1,3.0
belford roxo,RJ,102,100,14335.72,132.04470426065163,5.368421052631579,19,2017-02,2018-08,34.68869559164943,,714.4366666666666,,0.11312985764512903,152.0,4,1,2.5
belo horizonte,MG,2649,2614,399816.64,132.95642289715738,126.14285714285714,21,2016-10,2018-08,23.582884887358354,1378.98,28437.22,1962.1923450666436,3.1551397186436265,3.0,5,5,5.0
bento goncalves,RS,53,52,8146.78,142.90246616541353,2.789473684210526,19,2017-01,2018-08,84.56294896963739,,262.47,,0.06429004344854561,260.0,3,1,2.0
bertioga,SP,47,47,10442.34,170.47686274509803,2.764705882352941,17,2017-02,2018-08,127.03979199520676,,320.21,,0.08240537884961736,207.0,4,1,2.5
betim,MG,194,193,31985.1,144.131970515018,10.777777777777779,18,2017-02,2018-08,58.83794314593575,,2295.94,,0.2524093529843786,68.0,5,1,3.0
biguacu,SC,22,22,3738.8900000000003,165.94416666666666,1.4666666666666666,15,2017-03,2018-08,129.3538806720184,,519.5533333333334,,0.029505326098082034,456.0,1,1,1.0
birigui,SP,74,72,16089.51,197.61951381461677,4.352941176470588,17,2017-04,2018-08,164.25063200401348,,1674.4666666666665,,0.12696983310778112,139.0,4,1,2.5
blumenau,SC,178,177,28199.41,152.91057033183534,8.9,20,2017-01,2018-08,59.14015753039731,,2489.7999999999997,,0.22253470624263227,75.0,5,1,3.0
boa vista,RR,38,38,8566.01,172.6351636904762,2.375,16,2016-10,2018-07,112.95461790836133,69.02000000000001,1801.5,2510.11301072153,0.06759838305203728,247.0,3,5,4.0
boituva,SP,47,46,7974.49,145.3905,2.764705882352941,17,2017-02,2018-08,146.51319304397546,,751.7166666666667,,0.0629304226430556,270.0,3,1,2.0
bom despacho,MG,38,38,5554.6,146.3975818452381,2.375,16,2017-04,2018-08,94.95508919684214,,125.54,,0.043833941181582355,362.0,2,1,1.5
bom jesus do itabapoana,RJ,20,20,4011.27,160.53821428571428,1.4285714285714286,14,2017-02,2018-08,164.9053197736075,,446.84999999999997,,0.031654803810075585,442.0,1,1,1.0
botucatu,SP,98,97,18719.07,167.83611868686867,5.157894736842105,19,2017-01,2018-08,81.28961734878777,,1546.9966666666667,,0.14772091840167118,121.0,4,1,2.5
braganca paulista,SP,143,141,22627.88,136.8664886254097,7.526315789473684,19,2017-01,2018-08,140.96115961788132,,1314.3566666666668,,0.17856716252905766,93.0,5,1,3.0
brasilia,DF,2042,2009,342409.33,161.3349477334068,97.23809523809524,21,2016-10,2018-08,30.82917146497963,1200.11,24514.75333333333,1942.7088627986877,2.7021118408607316,4.0,5,5,5.0
brumadinho,MG,26,26,2599.56,93.91407291666667,1.625,16,2017-03,2018-08,126.57415394248136,,201.54999999999998,,0.020514341291541102,515.0,1,1,1.0
brumado,BA,20,19,2817.38,107.16090909090909,1.8181818181818181,11,2017-03,2018-07,106.5309435936671,,93.86500000000001,,0.022233260577929372,509.0,1,1,1.0
brusque,SC,58,57,9467.33,153.8879113756614,3.2222222222222223,18,2017-02,2018-08,200.07525799617773,,650.8633333333332,,0.07471111985860909,230.0,3,1,2.0
cabo de santo agostinho,PE,21,21,3618.25,174.15863095238095,1.5,14,2017-03,2018-08,136.43535025106232,,209.10333333333332,,0.028553299549969456,462.0,1,1,1.0
cabo frio,RJ,112,112,18713.7,155.70995352016405,5.894736842105263,19,2017-02,2018-08,105.33542294545546,,541.85,,0.14767854122525073,122.0,4,1,2.5
cacador,SC,40,40,5469.62,136.46519999999998,2.6666666666666665,15,2017-02,2018-08,49.33699560880151,,139.84666666666666,,0.043163324337595226,368.0,2,1,1.5
cacapava,SP,71,71,11458.86,129.3444060150376,3.736842105263158,19,2017-01,2018-08,78.84599041086481,,857.6733333333333,,0.09042721262520916,191.0,4,1,2.5
caceres,MT,25,25,5668.56,168.31907142857145,1.7857142857142858,14,2017-02,2018-08,213.24738069911194,,371.8333333333333,,0.04473325273183856,355.0,2,1,1.5
cachoeira do sul,RS,29,29,4967.25,127.15170588235296,1.7058823529411764,17,2016-10,2018-08,118.04125160154712,61.64,278.74,352.2063595068138,0.03919888818892719,400.0,2,5,3.5
cachoeira paulista,SP,25,25,3768.0099999999998,144.19778205128205,1.9230769230769231,13,2017-05,2018-08,84.90056843052672,,213.38333333333333,,0.02973512560969541,452.0,1,1,1.0
cachoeiras de macacu,RJ,20,20,2304.3199999999997,99.73538461538462,1.5384615384615385,13,2017-02,2018-08,55.99747819204115,,287.5566666666667,,0.018184464649757648,524.0,1,1,1.0
cachoeirinha,RS,71,69,10903.54,129.72198412698413,3.9444444444444446,18,2017-01,2018-08,64.47764090719107,,653.8566666666667,,0.08604492331239522,198.0,4,1,2.5
cachoeiro de itapemirim,ES,117,115,18689.47,139.1975345117845,5.571428571428571,21,2016-10,2018-08,92.48881048684636,119.43,1299.0133333333333,987.6775796142788,0.1474873309860202,123.0,4,5,4.5
caete,MG,27,27,3153.05,122.47541666666666,1.9285714285714286,14,2017-02,2018-08,86.50037017232223,,292.84000000000003,,0.02488218922021176,488.0,1,1,1.0
caieiras,SP,97,96,14186.279999999999,157.0482400793651,4.85,20,2017-01,2018-08,109.26959752107575,,947.5566666666667,,0.11195055685476146,156.0,4,1,2.5
cajamar,SP,96,95,11362.64,98.60644484527819,5.333333333333333,18,2017-03,2018-08,69.44730795548136,,660.5466666666666,,0.08966789569500862,194.0,4,1,2.5
caldas novas,GO,36,36,6204.570000000001,132.18574652777778,2.25,16,2017-03,2018-07,317.0840977565985,,103.655,,0.04896315782180723,329.0,2,1,1.5
camacari,BA,57,56,8503.44,148.6463685897436,3.5625,16,2017-03,2018-08,48.38500532227285,,374.1333333333334,,0.06710461397780482,251.0,3,1,2.0
camaragibe,PE,33,33,3455.4900000000002,105.49848039215686,1.9411764705882353,17,2017-01,2018-08,117.68372764412497,,209.40666666666667,,0.02726888442255896,473.0,1,1,1.0
cambe,PR,27,27,4559.06,159.6386862745098,1.588235294117647,17,2016-10,2018-08,184.05066612749914,87.9,542.235,516.877133105802,0.03597767037829994,421.0,1,5,3.0
camboriu,SC,26,25,3564.14,104.05196428571428,1.8571428571428572,14,2017-03,2018-07,255.8589063030311,,787.03,,0.0281262922843994,464.0,1,1,1.0
cambui,MG,22,21,3660.8100000000004,134.09222222222223,1.8333333333333333,12,2017-02,2018-06,95.17192035746343,,1021.7900000000001,,0.028889160374635167,458.0,1,1,1.0
campina grande,PB,66,66,22550.32,312.3900711484594,4.4,15,2017-02,2018-08,172.58130087150806,,3359.346666666667,,0.17795510036831816,94.0,5,1,3.0
campinas,SP,1391,1372,206841.71,124.66619075977871,66.23809523809524,21,2016-10,2018-08,26.848695292999963,591.88,15175.653333333334,2463.974679552162,1.6322844759366857,7.0,5,5,5.0
campo belo,MG,21,21,2218.31,109.76291666666667,1.75,12,2017-02,2018-08,28.770312542129737,,115.65,,0.017505719595023214,525.0,1,1,1.0
campo bom,RS,35,35,5137.099999999999,125.0228,2.3333333333333335,15,2017-01,2018-08,54.56912053076495,,288.4633333333333,,0.04053925381555948,393.0,2,1,1.5
campo grande,MS,307,303,64329.44,248.24657379476253,15.35,20,2017-01,2018-08,235.49141521796082,,3968.2299999999996,,0.5076536364822185,26.0,5,1,3.0
campo largo,PR,35,35,4530.18,148.3532261904762,2.5,14,2017-02,2018-08,55.912523971895205,,398.02,,0.03574976481870536,423.0,1,1,1.0
campo limpo paulista,SP,46,46,5516.87,134.45782291666666,2.875,16,2017-01,2018-08,55.79537797471422,,294.27666666666664,,0.04353619614129482,366.0,2,1,1.5
campo mourao,PR,55,55,8523.0,145.9399655388471,2.8947368421052633,19,2016-10,2018-08,266.7133001685818,45.489999999999995,512.0933333333334,1025.727266065802,0.06725897106733633,249.0,3,5,4.0
campos do jordao,SP,25,24,3913.12,167.92225490196077,1.4705882352941178,17,2016-10,2018-07,115.38327374545396,22.86,818.185,3479.1119860017498,0.03088025634905727,448.0,1,5,3.0
campos dos goytacazes,RJ,230,230,37537.2,147.5479045771931,11.5,20,2017-01,2018-08,114.3628918844699,,1600.61,,0.29622356549909856,56.0,5,1,3.0
canoas,RS,202,197,31242.09,136.0240992063492,9.619047619047619,21,2016-10,2018-08,44.94044207587556,113.17,1639.3866666666665,1348.6053429943152,0.24654591427820224,71.0,5,5,5.0
canoinhas,SC,27,27,5291.02,188.22288461538463,2.076923076923077,13,2017-02,2018-07,155.66418621966713,,406.74,,0.04175390837694449,381.0,2,1,1.5
capao bonito,SP,27,26,3560.42,137.45125000000002,1.9285714285714286,14,2017-03,2018-06,28.749694897757532,,105.09,,0.028096936028108133,465.0,1,1,1.0
capao da canoa,RS,36,36,5142.07,122.0280462962963,2.0,18,2017-02,2018-08,87.00336596471773,,339.53000000000003,,0.04057847440528195,391.0,2,1,1.5
capivari,SP,32,32,5252.8099999999995,142.76780701754384,1.6842105263157894,19,2016-10,2018-08,151.92670150209872,86.92,144.705,66.48067188219053,0.04145237543261937,382.0,2,5,3.5
caraguatatuba,SP,83,82,13412.43,137.73956250474671,4.368421052631579,19,2017-01,2018-08,152.96412660256155,,881.2966666666667,,0.10584374531417033,166.0,4,1,2.5
carangola,MG,24,24,4790.99,162.51595238095237,1.7142857142857142,14,2017-02,2018-08,75.43398645489687,,349.4066666666667,,0.03780793826045966,412.0,2,1,1.5
carapicuiba,SP,311,308,35158.14,91.639503606724,16.36842105263158,19,2017-02,2018-08,65.02989986385793,,2654.3433333333337,,0.27744929262482226,62.0,5,1,3.0
caratinga,MG,60,60,10927.99,163.4797543859649,3.1578947368421053,19,2016-10,2018-07,112.99098775614428,212.32000000000002,643.6899999999999,203.16974378296902,0.0862378696743096,196.0,4,5,4.5
carazinho,RS,22,22,2328.14,111.75935185185185,2.4444444444444446,9,2017-02,2018-06,26.391686787771842,,206.15,,0.018372439387622716,522.0,1,1,1.0
cariacica,ES,133,131,19137.989999999998,129.2914081890332,6.65,20,2016-10,2018-08,43.51248491874978,89.16000000000001,1460.3433333333332,1537.890683415582,0.15102681165047188,116.0,4,5,4.5
caruaru,PE,63,63,12282.07,169.188125,3.5,18,2017-01,2018-08,29.808562508438186,,1398.4566666666667,,0.09692354696433175,178.0,4,1,2.5
cascavel,PR,142,141,25361.55,143.5072827020202,7.1,20,2017-01,2018-08,193.04431202774796,,1693.66,,0.200139828425766,83.0,5,1,3.0
casimiro de abreu,RJ,20,20,3963.31,207.67416666666668,1.6666666666666667,12,2017-02,2018-06,56.503433694748715,,141.88,,0.03127632906498706,446.0,1,1,1.0
castanhal,PA,21,21,4500.22,208.78761538461538,1.6153846153846154,13,2017-01,2018-08,97.68605959070085,,572.98,,0.0355133364750262,426.0,1,1,1.0
castro,PR,21,21,4213.69,131.331875,1.75,12,2017-04,2018-08,178.90614579190043,,279.015,,0.03325219450859139,433.0,1,1,1.0
cataguases,MG,32,31,5139.96,133.08525,2.0,16,2017-02,2018-08,127.64102828386217,,271.03333333333336,,0.04056182341045008,392.0,2,1,1.5
catalao,GO,33,30,6099.92,166.96236507936507,2.2,15,2017-02,2018-08,37.84291140479521,,219.85666666666665,,0.04813731582694664,336.0,2,1,1.5
catanduva,SP,72,70,10922.029999999999,126.8797533068783,4.0,18,2017-03,2018-08,106.49073802129236,,597.6233333333333,,0.0861908365325096,197.0,4,1,2.5
caucaia,CE,35,35,7092.72,172.34175925925925,1.9444444444444444,18,2017-01,2018-08,117.91140186036087,,278.73,,0.05597196401134786,298.0,3,1,2.0
caxias do sul,RS,219,213,41509.29,173.10230626248577,10.428571428571429,21,2016-10,2018-08,65.53689579655197,721.12,2962.4600000000005,310.8137341912581,0.32756918164210647,49.0,5,5,5.0
cerquilho,SP,30,29,3861.71,108.02409803921569,1.7647058823529411,17,2017-03,2018-08,90.7398684024852,,143.41333333333333,,0.030474556043698624,449.0,1,1,1.0
chapeco,SC,98,97,17024.89,134.64392662211083,5.444444444444445,18,2017-03,2018-08,194.46828230823073,,1437.5100000000002,,0.13435135327168646,132.0,4,2,3.0
cianorte,PR,39,38,5691.55,103.39605263157895,2.0526315789473686,19,2016-10,2018-08,109.80376757823393,71.21,283.93333333333334,298.72677058465575,0.044914677552305306,353.0,2,5,3.5
claudio,MG,20,20,3403.8,143.55666666666667,1.8181818181818181,11,2017-02,2018-08,348.8061332381682,,917.54,,0.026860974506511724,479.0,1,2,1.5
colatina,ES,63,63,8456.84,111.83486904761905,3.5,18,2017-03,2018-08,42.301210588707036,,552.52,,0.06673687162748945,252.0,3,2,2.5
colombo,PR,60,60,9014.880000000001,100.67719312169312,3.3333333333333335,18,2017-02,2018-08,87.77010755380866,,498.2633333333333,,0.0711406257298497,238.0,3,2,2.5
concordia,SC,45,44,6418.73,124.99992619047619,3.0,15,2017-03,2018-08,53.82609715506424,,560.4300000000001,,0.05065319433990892,321.0,2,2,2.0
congonhas,MG,30,30,3618.83,101.99732222222222,2.0,15,2017-01,2018-08,69.67890634990741,,64.0,,0.028557876600681535,461.0,1,2,1.5
conselheiro lafaiete,MG,82,81,10750.73,120.71211749188312,5.125,16,2017-01,2018-08,96.55208599094765,,524.26,,0.0848390282790971,202.0,4,2,3.0
contagem,MG,407,402,56576.37,119.67378456057642,19.38095238095238,21,2016-10,2018-08,92.80677723596888,72.6,3186.33,4288.884297520662,0.44647054240583306,33.0,5,5,5.0
cordeiro,RJ,23,23,2802.89,104.30878205128205,1.7692307692307692,13,2017-03,2018-08,120.19586737005919,,335.33,,0.022118913224794826,510.0,1,2,1.5
cornelio procopio,PR,23,23,2566.98,115.63615384615385,1.7692307692307692,13,2017-01,2018-08,88.44394257901293,,225.5,,0.020257237304990145,517.0,1,2,1.5
coromandel,MG,25,24,2948.41,107.47900000000001,1.9230769230769231,13,2016-10,2018-08,106.84549424451201,63.72,100.79333333333334,58.18162795563926,0.023267279465522126,501.0,1,5,3.0
coronel fabriciano,MG,40,40,4906.87,123.86353921568627,2.3529411764705883,17,2016-10,2018-08,82.32840006759783,45.489999999999995,380.1833333333334,735.751447204514,0.0387224014268662,405.0,2,5,3.5
corumba,MS,26,26,5488.4800000000005,205.33274725274725,2.0,13,2017-06,2018-08,90.95000742540928,,259.48333333333335,,0.043312157400405275,367.0,2,2,2.0
cosmopolis,SP,49,47,7452.51,138.58981022408966,2.8823529411764706,17,2017-02,2018-08,146.22525615615638,,294.62,,0.05881123483151879,286.0,3,2,2.5
cotia,SP,240,237,33540.92,122.71073722978335,11.428571428571429,21,2016-10,2018-08,252.6962809664552,40.95,2081.81,4983.785103785103,0.26468705477553,65.0,5,5,5.0
cravinhos,SP,23,22,2718.52,96.93791666666668,1.9166666666666667,12,2017-01,2018-08,89.95758278633933,,87.03999999999999,,0.021453110175522136,513.0,1,2,1.5
criciuma,SC,90,90,15896.17,144.99665603402445,4.7368421052631575,19,2017-01,2018-08,125.48136458267497,,1477.21,,0.12544409692730962,143.0,4,2,3.0
cruz alta,RS,29,29,3426.23,115.23253571428572,2.0714285714285716,14,2017-06,2018-08,94.37238803535193,,156.91666666666666,,0.027037980105601288,476.0,1,2,1.5
cruzeiro,SP,55,54,7418.8099999999995,111.31398319327731,3.235294117647059,17,2017-02,2018-08,77.00538451593209,,436.1766666666667,,0.05854529240221347,289.0,3,2,2.5
cubatao,SP,79,78,8171.42,92.78495767195767,4.388888888888889,18,2017-03,2018-08,66.57054970804053,,450.2033333333333,,0.06448448918914156,258.0,3,2,2.5
cuiaba,MT,240,237,45543.19,164.1210545275338,11.428571428571429,21,2016-10,2018-08,82.43663286171162,101.44,2336.266666666667,2203.1019978969507,0.3594025693446206,42.0,5,5,5.0
curitiba,PR,1474,1441,236394.75,127.9570180867049,67.0,22,2016-10,2018-08,433.6260610202222,310.82,15477.616666666667,4879.60770435193,1.8655013083093048,5.0,5,5,5.0
curitibanos,SC,20,20,3469.8,113.14349999999999,2.0,10,2017-02,2018-07,103.51731042776333,,170.985,,0.02738181131167941,471.0,1,2,1.5
curvelo,MG,41,39,5912.22,127.16160714285715,2.411764705882353,17,2017-02,2018-07,125.24302199183582,,656.4,,0.04665608751891672,347.0,2,2,2.0
diadema,SP,270,268,32604.29,101.18350307361109,13.5,20,2016-10,2018-08,66.90795602139626,41.93,2750.806666666667,6460.473805548932,0.2572956702781935,66.0,5,5,5.0
diamantina,MG,27,27,2907.9300000000003,101.65892222222222,1.8,15,2017-03,2018-07,29.12237146229422,,76.5,,0.022947832891685952,503.0,1,2,1.5
dias d'avila,BA,23,22,3044.98,125.32480000000001,2.3,10,2017-08,2018-06,47.86803866933425,,382.15999999999997,,0.024029358409083396,496.0,1,2,1.5
divinopolis,MG,128,128,38085.65,247.57597083333334,6.4,20,2017-01,2018-08,87.51813696800475,,1548.2366666666667,,0.30055164043537463,53.0,5,2,3.5
dois vizinhos,PR,25,24,2789.58,99.54997435897437,1.9230769230769231,13,2017-01,2018-07,67.98920150885249,,369.425,,0.022013877802419344,511.0,1,2,1.5
dourados,MS,63,59,10515.66,172.99060168650794,3.9375,16,2017-02,2018-08,106.36334529989175,,783.1466666666665,,0.0829839811913582,206.0,4,2,3.0
dracena,SP,27,27,5186.39,175.66428571428574,1.9285714285714286,14,2017-02,2018-08,86.62186762999175,,231.09,,0.04092822421141881,388.0,2,2,2.0
duque de caxias,RJ,243,242,37604.24,137.00191487485478,11.571428571428571,21,2016-10,2018-08,27.696810497446926,162.6,1368.01,741.3345633456335,0.296752609429681,55.0,5,5,5.0
embu das artes,SP,155,154,22200.3,135.52987092876367,9.117647058823529,17,2017-04,2018-08,107.09683873215455,,1555.75,,0.17519292917824553,97.0,5,2,3.5
embu-guacu,SP,46,46,7062.82,117.69121666666668,2.3,20,2017-01,2018-08,341.28518638059217,,497.35999999999996,,0.0557360091556734,301.0,3,2,2.5
erechim,RS,55,53,7621.06,114.45751540616247,3.235294117647059,17,2017-04,2018-08,66.22678248329387,,471.8,,0.06014134155138264,282.0,3,2,2.5
esteio,RS,39,39,6986.45,193.21192156862745,2.2941176470588234,17,2017-01,2018-08,152.44960035566487,,549.6866666666666,,0.055133337840360425,303.0,3,2,2.5
eunapolis,BA,36,36,7715.63,142.518,2.1176470588235294,17,2016-10,2018-08,204.83473086225925,40.79,150.59333333333333,269.19179537468335,0.060887637561453975,276.0,3,5,4.0
extrema,MG,39,36,5224.88,131.61346666666665,2.6,15,2017-01,2018-08,160.62651679887637,,728.4733333333332,,0.0412319667664325,384.0,2,2,2.0
farroupilha,RS,26,26,3618.89,126.60770833333333,1.625,16,2017-04,2018-08,106.45750866992131,,239.58,,0.02855835008868623,460.0,1,2,1.5
fazenda rio grande,PR,28,28,5120.950000000001,162.11239583333335,1.75,16,2017-03,2018-08,181.09532461902657,,220.22000000000003,,0.040411806627628305,395.0,2,2,2.0
feira de santana,BA,180,175,31379.13,157.21322476551228,9.0,20,2017-01,2018-08,34.77146318407133,,2352.92,,0.24762736088093226,70.0,5,2,3.5
fernandopolis,SP,52,52,8366.44,131.47170588235295,3.0588235294117645,17,2017-03,2018-08,240.4613645369405,,335.34,,0.06602348303374463,254.0,3,2,2.5
ferraz de vasconcelos,SP,106,105,16468.120000000003,135.32613805346702,5.578947368421052,19,2016-10,2018-08,393.0565637728402,169.23000000000002,1304.756666666667,670.9960802852135,0.12995762133209235,137.0,4,5,4.5
florianopolis,SC,546,540,96574.27,150.60175325593002,27.3,20,2017-01,2018-08,43.897411753129546,,7987.633333333332,,0.762112640124267,17.0,5,2,3.5
formiga,MG,31,31,4883.69,153.84394444444445,1.7222222222222223,18,2017-01,2018-08,125.50308655090451,,336.67,,0.03853947722771791,407.0,2,2,2.0
formosa,GO,34,34,6124.12,151.64121568627453,2.0,17,2017-02,2018-08,94.0320328399962,,273.1766666666667,,0.0483282893221748,334.0,2,2,2.0
fortaleza,CE,611,607,111481.8,160.6536589378417,29.095238095238095,21,2016-10,2018-08,27.562474916478937,1138.5500000000002,7087.996666666667,522.5459283006162,0.8797549173688344,12.0,5,5,5.0
foz do iguacu,PR,86,84,13806.35,136.41159702286018,4.526315789473684,19,2017-01,2018-08,137.5559492302945,,1165.47,,0.10895235189434693,161.0,4,2,3.0
franca,SP,152,152,25197.73,129.65986814990566,7.6,20,2017-01,2018-08,52.35515008488979,,1337.2233333333331,,0.19884704834360586,85.0,5,2,3.5
francisco beltrao,PR,49,49,8243.23,141.3753361344538,2.8823529411764706,17,2017-03,2018-08,221.66124019488242,,439.6233333333333,,0.06505117541609748,257.0,3,2,2.5
francisco morato,SP,93,92,9648.41,93.65358392579643,4.65,20,2017-01,2018-08,243.3647579990814,,745.85,,0.07614010665678733,222.0,3,2,2.5
franco da rocha,SP,105,104,11601.81,102.47022971781306,5.833333333333333,18,2017-01,2018-08,280.10411113523566,,921.1466666666666,,0.09155529779640188,189.0,4,2,3.0
frutal,MG,23,23,3852.01,128.05770833333335,1.9166666666666667,12,2017-02,2018-08,274.0695705416459,,554.17,,0.030398008816272463,450.0,1,2,1.5
garanhuns,PE,30,28,5157.66,145.92222222222225,2.0,15,2017-02,2018-08,90.20114155194217,,513.49,,0.040701502371835965,389.0,2,2,2.0
garca,SP,27,27,3468.69,104.34423076923078,2.076923076923077,13,2017-03,2018-07,221.02461599601543,,586.72,,0.0273730517835925,472.0,1,2,1.5
garopaba,SC,22,21,3195.4500000000003,104.98655555555555,1.4666666666666666,15,2017-02,2018-07,154.9377619054423,,90.65,,0.025216787410198276,485.0,1,2,1.5
gaspar,SC,29,29,11602.949999999999,280.27468055555556,2.4166666666666665,12,2016-10,2018-08,1106.7087044137386,44.489999999999995,540.795,1115.5428186109239,0.09156429406849115,188.0,4,5,4.5
goiania,GO,640,632,110290.6,147.5097413566536,30.476190476190474,21,2016-10,2018-08,32.31800671158051,758.68,8520.1,1023.0162914535773,0.8703546021822322,14.0,5,5,5.0
governador valadares,MG,134,134,21475.73,131.2056151688589,6.7,20,2017-01,2018-08,131.08643807075515,,722.5766666666667,,0.16947500911884628,99.0,5,2,3.5
gramado,RS,29,29,3750.71,123.57583333333334,2.230769230769231,13,2017-03,2018-08,51.21173070301979,,123.4,,0.029598603235007515,455.0,1,2,1.5
gravatai,RS,109,109,20892.079999999998,180.27336443001442,5.45,20,2017-01,2018-08,94.58523573150215,,1200.3133333333333,,0.16486915455314746,107.0,4,2,3.0
guaiba,RS,30,30,5974.33,167.43985714285716,2.142857142857143,14,2017-03,2018-08,266.2900631937231,,484.53000000000003,,0.047146226518446493,345.0,2,2,2.0
guaira,SP,36,36,4423.03,109.5248125,2.25,16,2017-03,2018-08,34.42392680881972,,424.24666666666667,,0.03490419415698236,429.0,1,2,1.5
guanambi,BA,36,36,5367.47,153.2816875,2.25,16,2017-03,2018-08,138.24493646787093,,529.1366666666667,,0.042357211009597065,375.0,2,2,2.0
guapimirim,RJ,21,21,3446.99,168.58729166666666,1.3125,16,2016-10,2018-08,106.6487228619961,449.65,216.39000000000001,-51.87590348048482,0.027201806955226754,475.0,1,1,1.0
guarapari,ES,66,65,11951.82,171.3871612364244,3.473684210526316,19,2017-02,2018-08,41.11917335384797,,356.0333333333333,,0.09431739007180708,184.0,4,2,3.0
guarapuava,PR,62,61,9900.2,139.4400705128205,3.4444444444444446,18,2017-02,2018-08,86.38367068669656,,378.9166666666667,,0.07812709906850207,217.0,3,2,2.5
guaratingueta,SP,93,93,16233.88,148.2633112073112,5.166666666666667,18,2017-01,2018-08,121.04123415186287,,985.8533333333334,,0.12810912416175171,138.0,4,2,3.0
guaruja,SP,215,212,32560.43,136.58820648615273,10.75,20,2017-01,2018-08,47.84479485692197,,1292.9433333333334,,0.25694955054675933,67.0,5,2,3.5
guarulhos,SP,1128,1116,155983.67,122.70957994219134,53.714285714285715,21,2016-10,2018-08,69.57281303698511,96.23,12876.69,13281.159721500571,1.2309399445625882,9.0,5,5,5.0
guaxupe,MG,36,32,6860.120000000001,177.17451960784314,2.1176470588235294,17,2017-03,2018-08,144.7914278905504,,959.91,,0.05413640884646901,308.0,3,2,2.5
gurupi,TO,23,22,6139.4,344.83645833333327,1.9166666666666667,12,2017-05,2018-08,161.4839980500018,,349.9533333333334,,0.04844887093403786,332.0,2,2,2.0
holambra,SP,23,23,3102.05,120.07906593406594,1.7692307692307692,13,2017-01,2018-08,184.125466745993,,361.65333333333336,,0.024479724416218547,490.0,1,2,1.5
hortolandia,SP,140,139,18198.82,127.29181307581307,7.0,20,2016-10,2018-08,76.39783951234642,133.46,978.2166666666667,632.9661821269793,0.14361538282760317,126.0,4,5,4.5
ibirite,MG,45,43,8075.08,218.24092982456142,2.3684210526315788,19,2016-10,2018-08,149.07592000200805,149.91,772.02,414.98899339603764,0.06372422528293163,264.0,3,5,4.0
ibiruba,RS,20,19,3695.73,178.12298611111112,1.6666666666666667,12,2017-02,2018-08,177.3566366598341,,522.13,,0.02916473039336934,457.0,1,2,1.5
ibitinga,SP,22,22,3368.45,143.53076923076924,1.6923076923076923,13,2017-02,2018-08,91.53776355884777,,215.69333333333336,,0.026582011157077208,481.0,1,2,1.5
ibiuna,SP,31,30,4009.93,110.24176470588235,1.8235294117647058,17,2017-01,2018-08,156.7384904720828,,256.81666666666666,,0.03164422924463733,443.0,1,2,1.5
icara,SC,21,21,2850.9,117.68302083333333,1.3125,16,2017-03,2018-08,41.327409296794784,,177.95999999999995,,0.022497782543220598,506.0,1,2,1.5
ijui,RS,52,51,6870.16,109.73193386243386,2.888888888888889,18,2017-02,2018-08,77.70676509475689,,250.73333333333335,,0.054215639172588447,307.0,3,2,2.5
ilha solteira,SP,23,23,2558.44,125.56374999999998,1.9166666666666667,12,2017-02,2018-08,102.430510057726,,303.555,,0.020189844178988146,519.0,1,2,1.5
ilhabela,SP,42,41,3657.8199999999997,91.42817708333334,2.625,16,2017-02,2018-08,52.16124209961329,,286.8933333333333,,0.028865564889067715,459.0,1,2,1.5
ilheus,BA,67,67,10135.95,127.12893342151675,3.7222222222222223,18,2017-02,2018-08,362.38564341068553,,802.75,,0.07998751235362757,212.0,3,2,2.5
imbituba,SC,31,31,3587.7400000000002,120.72968055555556,2.5833333333333335,12,2017-02,2018-07,64.36788793366799,,175.08,,0.02831253089958058,463.0,1,2,1.5
imperatriz,MA,40,40,9144.78,164.56485416666666,2.5,16,2017-02,2018-07,267.8055873698368,,286.285,,0.07216572726002066,236.0,3,2,2.5
indaial,SC,25,25,4001.42,138.5168888888889,1.6666666666666667,15,2017-03,2018-08,259.90096760173805,,80.1,,0.03157707286263768,445.0,1,2,1.5
indaiatuba,SP,273,267,41036.520000000004,124.83210510014541,13.0,21,2016-10,2018-08,37.62241002313656,116.17,2791.08,2302.5824223121285,0.32383833290908937,50.0,5,5,5.0
ipatinga,MG,166,165,25688.14,124.65925760664774,8.3,20,2016-10,2018-08,46.74680809139683,92.27000000000001,1639.75,1677.121491275604,0.20271710255000414,82.0,5,5,5.0
irati,PR,22,22,2994.16,121.03949999999999,2.0,11,2017-05,2018-08,357.0418201107839,,389.7633333333333,,0.023628314069104275,499.0,1,2,1.5
itabira,MG,77,77,12120.45,131.63442993702202,4.052631578947368,19,2017-01,2018-08,117.61977802970233,,486.24666666666667,,0.09564812810901052,179.0,4,2,3.0
itabirito,MG,28,28,5798.0599999999995,172.69204444444443,1.8666666666666667,15,2017-02,2018-08,149.62108771186993,,530.6766666666666,,0.04575519767531152,348.0,2,2,2.0
itaborai,RJ,55,52,7656.24,129.47488333333334,2.75,20,2017-01,2018-08,63.56862897420603,,303.42333333333335,,0.0604189633514705,281.0,3,2,2.5
itabuna,BA,60,58,9474.99,144.32455880230881,3.3333333333333335,18,2017-01,2018-08,219.30574268171137,,649.2199999999999,,0.07477156849387552,229.0,3,2,2.5
itaguai,RJ,44,44,6927.83,137.20383771929824,2.3157894736842106,19,2017-02,2018-08,121.00153714752476,,355.97333333333336,,0.05467074005977059,305.0,3,2,2.5
itajai,SC,116,116,21205.9,185.81075896464648,5.8,20,2017-01,2018-08,268.61452333708013,,1547.53,,0.1673456546470524,101.0,5,2,3.5
itajuba,MG,92,90,15992.36,155.30894642857143,4.6,20,2017-01,2018-08,156.08196794701934,,722.2033333333333,,0.1262031771135078,141.0,4,2,3.0
itanhaem,SP,74,74,11370.65,115.55173514448514,4.111111111111111,18,2017-03,2018-08,52.42645624646967,,705.04,,0.08973110634363579,193.0,4,2,3.0
itapecerica da serra,SP,90,90,9692.56,109.57751038159371,5.0,18,2017-01,2018-08,60.96942379417827,,689.2199999999999,,0.07648851491357754,221.0,3,2,2.5
itapema,SC,44,43,7233.42,150.44070833333333,2.75,16,2017-01,2018-08,92.99155644590333,,880.4899999999999,,0.05708229338236442,294.0,3,2,2.5
itaperuna,RJ,46,45,6658.0199999999995,123.94524603174604,3.066666666666667,15,2017-03,2018-08,49.97536149041197,,522.05,,0.052541543417311584,313.0,3,2,2.5
itapetininga,SP,76,76,13885.9,158.74859278879018,4.0,19,2017-01,2018-08,99.10592189084524,,852.4266666666667,,0.10958011807390891,160.0,4,2,3.0
itapeva,SP,51,51,7268.0599999999995,127.31682913165268,3.0,17,2017-03,2018-08,58.63452296961348,,510.2166666666667,,0.05735565379041001,293.0,3,2,2.5
itapevi,SP,168,167,21060.38,103.31961757122308,8.4,20,2017-01,2018-08,40.21594120168138,,1578.7466666666667,,0.16619728840632508,105.0,5,2,3.5
itapira,SP,52,52,7984.62,126.46208994708996,2.888888888888889,18,2017-02,2018-08,122.709407608052,,348.2166666666667,,0.0630103632011821,269.0,3,2,2.5
itapolis,SP,28,28,4017.5,155.16391025641025,2.1538461538461537,13,2017-03,2018-08,244.73643676054306,,562.1433333333333,,0.031703967647896715,440.0,1,2,1.5
itaquaquecetuba,SP,165,163,21201.16,154.04559866522365,7.857142857142857,21,2016-10,2018-08,65.33699392963324,971.96,1763.7066666666667,81.45877059412595,0.16730824909468126,102.0,5,5,5.0
itarare,SP,27,27,4465.99,128.13286904761904,1.9285714285714286,14,2017-02,2018-08,79.71341766696744,,564.07,,0.03524321156834605,428.0,1,2,1.5
itatiba,SP,96,96,13613.630000000001,123.93016415683081,5.333333333333333,18,2017-01,2018-08,119.60837311842806,,902.7266666666668,,0.10743150842325729,164.0,4,2,3.0
itauna,MG,56,55,9009.27,137.57348082010583,3.111111111111111,18,2017-03,2018-08,184.05529224299426,,472.4633333333333,,0.07109635460141045,239.0,3,2,2.5
itu,SP,128,127,14089.14,93.02148737373737,6.4,20,2017-01,2018-08,68.01320986187102,,722.9533333333334,,0.11118397977515557,158.0,4,2,3.0
ituiutaba,MG,52,47,6543.02,113.95029761904762,3.25,16,2016-10,2018-08,109.6628344226439,60.599999999999994,486.3833333333334,702.6127612761278,0.05163402474164062,317.0,2,5,3.5
itumbiara,GO,35,35,6489.09,129.769375,2.5,14,2017-03,2018-08,113.79426712398364,,288.43333333333334,,0.05120843794008466,318.0,2,2,2.0
itupeva,SP,42,42,6039.660000000001,111.77107638888889,2.625,16,2017-03,2018-08,79.32991064669162,,339.01,,0.047661776040895054,339.0,2,2,2.0
ituverava,SP,27,27,4205.79,121.70958333333333,1.9285714285714286,14,2017-03,2018-08,258.2561974472075,,481.14000000000004,,0.03318985192130617,434.0,1,2,1.5
jaboatao dos guararapes,PE,129,128,25322.47,171.06756240672905,7.166666666666667,18,2017-03,2018-08,61.294255339913555,,2592.616666666667,,0.19983142990537278,84.0,5,2,3.5
jaboticabal,SP,49,49,6622.86,106.56592355889724,2.5789473684210527,19,2017-02,2018-08,159.20978233725057,,261.34666666666664,,0.05226407944655861,315.0,3,2,2.5
jacarei,SP,187,186,20851.32,111.86654819863372,8.904761904761905,21,2016-10,2018-08,60.85184672681392,38.36,1300.2333333333333,3289.555092109837,0.1645474983686227,108.0,4,5,4.5
jacobina,BA,21,21,7448.77,330.39424242424246,1.9090909090909092,11,2017-02,2018-08,285.86502700261116,,1398.4133333333332,,0.05878172074589263,287.0,3,2,2.5
jaguariuna,SP,60,60,9595.58,116.32746472663138,3.3333333333333335,18,2017-02,2018-08,107.81978004406372,,456.49333333333334,,0.07572320046865084,225.0,3,2,2.5
jales,SP,28,28,3478.63,112.39377777777779,1.8666666666666667,15,2017-01,2018-08,163.48110159296428,,306.62,,0.02745149296303745,470.0,1,2,1.5
jandira,SP,83,80,9626.18,88.49744884647517,4.368421052631579,19,2017-01,2018-08,129.98290968177312,,486.09,,0.07596467935104677,223.0,3,2,2.5
januaria,MG,22,22,4050.95,127.12744047619049,1.5714285714285714,14,2017-02,2018-06,338.19457151781376,,48.31,,0.03196793721051579,439.0,1,2,1.5
japeri,RJ,33,33,5523.97,125.27206666666667,2.2,15,2017-03,2018-07,69.66317076468049,,571.515,,0.04359222555518408,364.0,2,2,2.0
jaragua do sul,SC,85,83,14931.05,132.19013742690058,4.473684210526316,19,2017-01,2018-08,128.1796428891782,,763.4266666666666,,0.11782788454240901,148.0,4,2,3.0
jatai,GO,52,52,8404.84,139.40362280701757,2.736842105263158,19,2017-01,2018-08,121.59534225589391,,318.54,,0.06632651535675127,253.0,3,2,2.5
jau,SP,73,72,10847.52,139.73271687109187,4.055555555555555,18,2017-02,2018-08,73.07396880143664,,774.21,,0.08560284334534228,200.0,4,2,3.0
jequie,BA,34,34,5766.87,159.77436274509805,2.0,17,2017-01,2018-08,48.56227723214507,,369.67,,0.04550906282753606,349.0,2,2,2.0
joacaba,SC,25,25,4913.64,245.22083333333333,2.272727272727273,11,2017-04,2018-05,150.52537448310582,,,,0.038775826656729614,404.0,2,3,2.5
joao monlevade,MG,49,48,8085.17,151.62750223214286,3.0625,16,2017-02,2018-08,60.16831602492545,,955.3366666666667,,0.06380385018238832,263.0,3,3,3.0
joao pessoa,PB,241,236,60547.83,193.53670124195293,12.05,20,2017-01,2018-08,198.47088929941043,,6873.546666666666,,0.4778111869247916,29.0,5,3,4.0
joinville,SC,256,254,40361.87,160.88440341815905,12.8,20,2017-01,2018-08,20.95526505816571,,2002.8799999999999,,0.3185143548695988,51.0,5,3,4.0
juazeiro,BA,42,42,8643.38,184.9477328042328,2.3333333333333335,18,2017-01,2018-08,122.23520513390001,,377.91,,0.0682089458340952,245.0,3,3,3.0
juazeiro do norte,CE,31,31,8138.34,253.75618253968253,2.066666666666667,15,2017-03,2018-07,84.62998923491968,,862.3299999999999,,0.06422343946921812,261.0,3,3,3.0
juiz de fora,MG,416,412,74108.26,187.62834153337533,19.80952380952381,21,2016-10,2018-08,30.894916088999047,675.71,4487.18,564.0689052996108,0.5848228693172167,23.0,5,5,5.0
jundiai,SP,537,532,88501.71,144.58015090665438,26.85,20,2017-01,2018-08,32.18379970800104,,7779.076666666667,,0.6984083013375326,19.0,5,3,4.0
juquitiba,SP,21,21,3529.9900000000002,160.19865384615383,1.6153846153846154,13,2017-03,2018-08,39.09289935750599,,335.85333333333335,,0.02785679869505885,469.0,1,3,2.0
lages,SC,83,82,13616.22,143.3836941786284,4.368421052631579,19,2017-01,2018-08,46.95927080715089,,1077.48,,0.10745194732212675,163.0,4,3,3.5
lagoa santa,MG,55,53,9356.41,126.60712719298245,2.8947368421052633,19,2017-01,2018-08,162.73595910300887,,815.12,,0.07383579836725757,232.0,3,3,3.0
lajeado,RS,49,48,9301.78,165.81828042328044,2.7222222222222223,18,2017-01,2018-08,234.54691335590576,,274.23,,0.07340468753898015,233.0,3,3,3.0
lauro de freitas,BA,70,69,10591.77,129.6815868648895,3.6842105263157894,19,2017-01,2018-08,210.56740025282866,,722.29,,0.08358460072531748,205.0,4,3,3.5
lavras,MG,79,77,14639.73,167.3096757936508,3.95,20,2017-01,2018-08,107.5055284248026,,727.9266666666666,,0.11552894245026583,150.0,4,3,3.5
leme,SP,50,49,9157.01,158.56928703703704,2.7777777777777777,18,2016-10,2018-08,224.02953006134058,315.23999999999995,480.25,52.34424565410484,0.07226223989831157,235.0,3,5,4.0
lencois paulista,SP,42,42,7518.64,176.1406175595238,2.625,16,2017-03,2018-08,105.08081497270723,,846.5633333333334,,0.059333097527363335,284.0,3,3,3.0
limeira,SP,184,180,25972.489999999998,121.92080688670205,9.2,20,2016-10,2018-08,60.34224822600395,991.85,2582.4,160.3619498916167,0.2049610411189349,79.0,5,5,5.0
linhares,ES,64,61,13987.35,178.62967585630744,3.3684210526315788,19,2017-02,2018-08,213.7345859015074,,1536.5666666666668,,0.1103807073751856,159.0,4,3,3.5
lins,SP,51,51,8111.91,135.672399122807,2.6842105263157894,19,2016-10,2018-08,124.24137901567714,29.86,1008.64,3277.896851975888,0.06401486800314868,262.0,3,5,4.0
londrina,PR,292,290,51598.159999999996,152.03028417768488,13.904761904761905,21,2016-10,2018-08,65.19550310327035,418.43,3609.93,762.7321176779867,0.40718516374138103,39.0,5,5,5.0
lorena,SP,82,80,9137.710000000001,96.59420416666667,4.1,20,2017-01,2018-08,56.79122855411478,,532.1166666666667,,0.07210993459013375,237.0,3,3,3.0
louveira,SP,44,42,5596.56,124.55873015873016,2.933333333333333,15,2017-02,2018-07,121.15193949734689,,408.77000000000004,,0.04416506712620109,359.0,2,3,2.5
lucas do rio verde,MT,23,23,6463.96,245.02672619047618,1.6428571428571428,14,2017-03,2018-07,56.68830773412108,,330.855,,0.051010125380783686,319.0,2,3,2.5
luis eduardo magalhaes,BA,36,36,9538.69,167.02138392857142,2.25,16,2017-02,2018-08,216.36513494148008,,1196.1499999999999,,0.07527425492552979,226.0,3,3,3.0
luziania,GO,33,32,5582.84,237.7387435897436,2.5384615384615383,13,2017-05,2018-08,40.36404941014562,,1102.135,,0.04405679620246016,360.0,2,3,2.5
macae,RJ,226,223,36201.54,138.7633578096392,11.3,20,2016-10,2018-08,98.09660626976297,80.25,2673.1233333333334,3230.9948078920042,0.2856832490265187,61.0,5,5,5.0
macapa,AP,53,53,13545.039999999999,246.40728787878786,3.1176470588235294,17,2017-02,2018-08,63.580863135499726,,660.56,,0.10689023271922013,165.0,4,3,3.5
maceio,AL,234,231,51450.22,201.26642241300368,11.7,20,2016-10,2018-08,143.52848490069763,76.6,1821.1733333333334,2277.51087902524,0.4060177001511309,40.0,5,5,5.0
machado,MG,20,20,3161.9500000000003,113.59458333333335,2.0,10,2017-03,2018-08,355.62284792639383,,78.51,,0.02495242327424195,487.0,1,3,2.0
mafra,SC,25,25,2327.31,91.22066666666666,1.5625,16,2017-02,2018-08,32.55704317764768,,161.98999999999998,,0.018365889470224394,523.0,1,3,2.0
mage,RJ,105,102,16538.4,132.1375501984127,5.25,20,2017-01,2018-08,122.7986724266672,,1871.4066666666668,,0.13051223361492845,135.0,4,3,3.5
mairinque,SP,23,21,3052.5499999999997,129.84,1.7692307692307692,13,2017-01,2018-08,38.68163181390707,,238.90333333333334,,0.024089096812342777,495.0,1,3,2.0
mairipora,SP,75,75,10345.67,125.44890350877193,3.9473684210526314,19,2017-02,2018-08,65.16273969270524,,690.5433333333332,,0.08164251075938161,209.0,4,3,3.5
manaus,AM,136,133,24904.14,161.24355770107084,7.157894736842105,19,2017-02,2018-08,112.83216103908153,,1318.1266666666668,,0.1965301926219516,87.0,5,3,4.0
manhuacu,MG,64,64,10066.6,125.99655714285714,3.2,20,2017-01,2018-08,110.58061023748007,,479.41333333333336,,0.07944023913486424,214.0,3,3,3.0
maraba,PA,22,22,4661.78,200.25055555555556,1.8333333333333333,12,2017-03,2018-08,45.82114868574453,,473.71333333333337,,0.036788281842342736,417.0,2,3,2.5
maracanau,CE,30,29,4651.06,122.25716071428572,2.5,12,2017-04,2018-08,133.0715251664978,,245.57000000000002,,0.03670368531883672,418.0,2,3,2.5
marau,RS,21,19,2506.48,106.55666666666667,1.9090909090909092,11,2017-05,2018-08,55.330392999041706,,315.27,,0.019779803566919767,521.0,1,3,2.0
marechal candido rondon,PR,30,29,4144.69,126.40945238095239,2.142857142857143,14,2017-02,2018-08,70.61792243906307,,302.6366666666667,,0.0327076833031888,435.0,1,3,2.0
mariana,MG,33,33,5212.95,188.32409375,2.0625,16,2017-01,2018-08,52.82218246955914,,165.13,,0.04113782156816507,386.0,2,3,2.5
marica,RJ,131,130,17822.11,120.91242273070846,6.238095238095238,21,2016-10,2018-08,48.049085929967966,87.57,1006.4933333333333,1049.3586083514142,0.14064258839010743,130.0,4,5,4.5
marilia,SP,188,187,36736.85,245.44125324263155,9.4,20,2017-01,2018-08,39.191366274538886,,1412.4466666666667,,0.2899076300897659,58.0,5,3,4.0
maringa,PR,254,250,43543.71,141.2962353588677,12.095238095238095,21,2016-10,2018-08,71.7824897975056,265.95,2920.7466666666664,998.2314971485869,0.34362373941739804,44.0,5,5,5.0
matao,SP,50,50,8328.95,162.7566099439776,2.9411764705882355,17,2017-01,2018-08,186.7359053243361,,670.5233333333334,,0.06572763194547589,255.0,3,3,3.0
matinhos,PR,27,26,3538.83,97.202875,1.6875,16,2017-01,2018-08,229.4101604114565,,615.6533333333333,,0.02792655926108434,468.0,1,3,2.0
maua,SP,314,310,47980.14,195.35861059332586,14.952380952380953,21,2016-10,2018-08,59.44824047348099,297.34999999999997,2895.6633333333334,873.8232161874337,0.37863367922876295,41.0,5,5,5.0
mesquita,RJ,74,73,10862.32,113.29323389355741,4.352941176470588,17,2016-10,2018-08,61.03495245388001,57.06,894.0099999999999,1466.7893445495965,0.08571963705316776,199.0,4,5,4.5
miguel pereira,RJ,28,28,4409.54,131.9,2.0,14,2017-02,2018-08,42.006272221556905,,67.25,,0.03479773827059278,431.0,1,3,2.0
mineiros,GO,25,25,4219.64,143.51659523809525,1.7857142857142858,14,2017-02,2018-08,87.0222815875227,,442.135,,0.033299148735723934,432.0,1,3,2.0
mirassol,SP,29,29,6383.33,251.6526388888889,1.6111111111111112,18,2017-01,2018-07,112.17887274746738,,262.635,,0.050373836417137156,325.0,2,3,2.5
mococa,SP,33,32,6758.87,157.51683473389355,1.9411764705882353,17,2017-01,2018-08,180.2751354655835,,354.02666666666664,,0.0533373978385413,310.0,3,3,3.0
mogi das cruzes,SP,373,369,56628.01,139.58110789507015,18.65,20,2017-01,2018-08,83.79373901008897,,2803.0633333333335,,0.44687805774854306,32.0,5,3,4.0
mogi mirim,SP,74,71,9705.11,134.90920051353874,4.352941176470588,17,2017-01,2018-08,65.08843336325475,,432.19000000000005,,0.07658755282122685,220.0,3,3,3.0
mogi-guacu,SP,87,83,13001.04,127.32341111111111,4.35,20,2016-10,2018-08,93.82354171072363,144.94,1207.5066666666667,733.1079527160664,0.1025972748099592,170.0,4,5,4.5
mongagua,SP,41,41,6027.55,149.48583333333335,2.05,20,2016-10,2018-08,34.963172698234324,249.72000000000003,116.69333333333334,-53.270329435634586,0.04756621037861353,342.0,2,1,1.5
monte alto,SP,32,32,2854.4300000000003,89.96359375,2.0,16,2017-02,2018-08,31.43409872456612,,179.61333333333334,,0.022525639420830326,505.0,1,3,2.0
monte carmelo,MG,23,22,3403.67,147.63760416666668,1.4375,16,2017-01,2018-08,72.10404342238215,,332.1433333333333,,0.026859948615834878,480.0,1,3,2.0
monte mor,SP,36,36,4962.47,146.64470238095237,2.5714285714285716,14,2017-03,2018-08,252.95945480174143,,503.81,,0.03916116697788625,401.0,2,3,2.5
montenegro,RS,31,30,5518.96,162.7452380952381,2.2142857142857144,14,2017-03,2018-07,93.81721378944738,,318.41999999999996,,0.0435526893067918,365.0,2,3,2.5
montes claros,MG,204,203,30410.1,145.91941272985088,9.714285714285714,21,2016-10,2018-08,23.74389683356062,398.12,1548.3233333333335,288.90870424327676,0.23998029286105885,73.0,5,5,5.0
mossoro,RN,34,34,6069.66,155.72300925925927,1.8888888888888888,18,2017-02,2018-08,119.65181979029627,,412.02666666666664,,0.047898520043244006,337.0,2,3,2.5
muriae,MG,62,62,12461.640000000001,172.51575730994153,3.263157894736842,19,2017-02,2018-08,109.1694024373223,,384.8333333333333,,0.09834061764772513,174.0,4,3,3.5
nanuque,MG,23,22,2786.64,107.09964285714285,1.6428571428571428,14,2016-10,2018-08,60.47094530605117,159.35,188.40333333333334,18.232402468361055,0.02199067689018915,512.0,1,5,3.0
natal,RN,201,198,42537.46,189.94938419930656,9.571428571428571,21,2016-10,2018-08,121.5018308327154,662.0500000000001,2814.11,325.0600407824182,0.33568295100527706,46.0,5,5,5.0
navegantes,SC,30,30,7323.410000000001,185.8346875,1.875,16,2017-01,2018-07,99.80973487163746,,147.025,,0.05779244647474382,291.0,3,3,3.0
nilopolis,RJ,102,101,15126.48,153.71614861111112,5.1,20,2017-01,2018-08,37.9668786683713,,1299.73,,0.11937011388837752,145.0,4,3,3.5
niteroi,RJ,817,802,134529.86,148.4087678931327,38.904761904761905,21,2016-10,2018-08,44.71172626672774,313.71999999999997,8344.016666666668,2559.701857282503,1.0616379163947913,10.0,5,5,5.0
nova friburgo,RJ,142,137,30715.4,204.97965729809408,7.1,20,2017-01,2018-08,66.40172544993698,,1347.5800000000002,,0.24238955765829664,72.0,5,3,4.0
nova iguacu,RJ,420,416,68240.05,139.8550490680436,21.0,20,2017-01,2018-08,20.22571735808096,,3900.8233333333333,,0.538514085249746,25.0,5,3,4.0
nova lima,MG,96,95,23443.48,257.53207894736846,5.052631578947368,19,2017-02,2018-08,73.08577265210185,,2594.3133333333335,,0.18500344280625108,91.0,5,3,4.0
nova odessa,SP,37,37,4998.91,111.73126666666667,2.466666666666667,15,2017-01,2018-08,260.23956006134983,,467.1666666666667,,0.03944873202607277,399.0,2,3,2.5
nova serrana,MG,48,48,8503.98,148.86124669312167,2.6666666666666665,18,2017-02,2018-08,133.446979430687,,607.3366666666667,,0.0671088753698471,250.0,3,3,3.0
novo hamburgo,RS,118,116,20182.85,177.4468354978355,6.2105263157894735,19,2016-10,2018-08,37.8673691220562,69.35,1293.0833333333333,1764.5758231194425,0.15927228959361597,111.0,4,5,4.5
olimpia,SP,35,35,6310.15,140.9617843137255,2.0588235294117645,17,2017-02,2018-08,111.54099839144486,,1539.745,,0.04979633888074062,327.0,2,3,2.5
olinda,PE,89,88,15081.42,149.9836736111111,4.45,20,2017-01,2018-08,85.6888212804194,,820.39,,0.11901452439684941,146.0,4,3,3.5
oliveira,MG,22,22,3100.7200000000003,115.37027777777779,1.8333333333333333,12,2017-03,2018-08,184.14319258237035,,623.7033333333334,,0.024469228765447746,491.0,1,3,2.0
orlandia,SP,27,26,4507.15,132.17863675213675,2.076923076923077,13,2017-05,2018-08,77.86212004319654,,341.69666666666666,,0.0355680243395688,425.0,1,3,2.0
osasco,SP,719,706,91761.75,114.16121321022649,34.23809523809524,21,2016-10,2018-08,313.99629328617414,96.23,5947.096666666667,6080.08590529634,0.7241347985847882,18.0,5,5,5.0
osorio,RS,35,35,7225.75,153.9713717948718,2.6923076923076925,13,2017-03,2018-08,661.9429914184124,,562.25,,0.057021765832430536,296.0,3,3,3.0
ourinhos,SP,77,77,14316.78,140.30549707602339,4.052631578947368,19,2017-01,2018-08,152.29660233581328,,567.13,,0.1129803932649794,153.0,4,3,3.5
ouro branco,MG,40,39,5145.19,139.46461403508772,2.1052631578947367,19,2017-01,2018-08,69.21874986116131,,204.39,,0.040603095781526245,390.0,2,3,2.5
ouro preto,MG,55,55,8149.91,129.03498095238095,2.75,20,2016-10,2018-08,66.17834450010297,66.03,170.18,157.73133424201123,0.06431474373945735,259.0,3,5,4.0
palhoca,SC,90,90,12938.05,115.89001262626263,5.0,18,2017-01,2018-08,75.9558678119149,,510.85999999999996,,0.10210019131969385,171.0,4,3,3.5
palmas,TO,87,87,21192.45,208.4428115079365,4.833333333333333,18,2017-02,2018-08,165.572465185237,,1611.4099999999999,,0.1672395144193326,103.0,5,3,4.0
para de minas,MG,37,37,7994.589999999999,164.82393229166667,2.3125,16,2017-04,2018-08,119.88906748124613,,145.42666666666668,,0.06308904112462939,268.0,3,3,3.0
paracambi,RJ,35,35,7516.2300000000005,244.75911764705882,2.0588235294117645,17,2017-02,2018-08,225.78000439094149,,857.7366666666667,,0.05931407909250797,285.0,3,3,3.0
paracatu,MG,61,61,9974.5,144.54210846560846,3.388888888888889,18,2017-01,2018-08,40.05944892683251,,829.0,,0.07871343504765296,215.0,3,3,3.0
paraguacu paulista,SP,20,20,3063.96,135.81916666666666,1.4285714285714286,14,2017-02,2018-08,106.45492603655337,,72.51333333333334,,0.02417913844790283,494.0,1,3,2.0
paranagua,PR,58,58,8778.47,163.70187301587302,3.2222222222222223,18,2017-01,2018-08,123.04933295858484,,528.3333333333334,,0.06927500407667252,244.0,3,3,3.0
paranavai,PR,45,44,8254.93,148.4684019607843,2.6470588235294117,17,2017-03,2018-08,406.8865124207634,,533.9933333333333,,0.06514350557701358,256.0,3,3,3.0
parauapebas,PA,27,25,5634.15,222.98766666666666,1.9285714285714286,14,2017-02,2018-07,22.705286823911635,,183.445,,0.04446170736114431,357.0,2,3,2.5
parnaiba,PI,22,22,5073.01,216.8109,2.2,10,2017-04,2018-06,57.04751913139752,,85.56,,0.040033489711874676,396.0,2,3,2.5
parnamirim,RN,55,54,8907.21,183.04776143790852,3.235294117647059,17,2016-10,2018-08,45.160084166065175,178.11,1150.25,545.8087698613216,0.07029095150541931,241.0,3,5,4.0
passo fundo,RS,111,111,17986.07,132.70696923755258,6.166666666666667,18,2017-03,2018-08,64.1181652473029,,1451.18,,0.14193647327761186,129.0,4,3,3.5
passos,MG,43,43,5189.8099999999995,105.31388235294118,2.5294117647058822,17,2017-01,2018-08,107.08795482046304,,353.95,,0.040955213027686586,387.0,2,3,2.5
pato branco,PR,53,52,10599.58,158.47675638740344,3.1176470588235294,17,2017-02,2018-08,171.5287678527401,,1184.9466666666665,,0.08364623308059566,204.0,4,3,3.5
patos de minas,MG,98,98,19118.93,166.7851006683375,5.157894736842105,19,2017-02,2018-08,154.89151027276725,,1072.9833333333333,,0.15087640029431287,117.0,4,3,3.5
patrocinio,MG,45,44,8023.55,142.3705637254902,2.6470588235294117,17,2017-03,2018-08,163.9301122848489,,392.2966666666666,,0.06331757800156358,267.0,3,3,3.0
paulinia,SP,125,122,18337.82,121.2786498917749,6.578947368421052,19,2017-02,2018-08,178.72895289821736,,1361.4166666666667,,0.1447122967051533,125.0,4,3,3.5
paulista,PE,41,41,7076.62,144.98044285714286,2.7333333333333334,15,2017-02,2018-08,156.7121993047512,,313.745,,0.05584491139675391,300.0,3,3,3.0
paulo afonso,BA,39,39,7842.13,165.06101960784312,2.2941176470588234,17,2017-03,2018-08,265.02406781942005,,899.73,,0.06188590810469204,274.0,3,3,3.0
pederneiras,SP,21,21,3450.0099999999998,129.48921875,1.3125,16,2017-03,2018-08,265.65803314114083,,183.47333333333333,,0.02722563918479655,474.0,1,3,2.0
pedreira,SP,35,35,3321.4500000000003,89.25705357142857,2.1875,16,2017-01,2018-08,114.62657366216955,,373.115,,0.026211112220063858,484.0,1,3,2.0
pedro leopoldo,MG,39,39,5737.45,137.16100250626565,2.0526315789473686,19,2017-01,2018-08,78.00676031637131,,301.61999999999995,,0.04527689587589919,350.0,2,3,2.5
pelotas,RS,182,178,27176.74,125.62937536630037,9.1,20,2017-01,2018-08,135.18485148256536,,1682.5233333333333,,0.21446433994655897,78.0,5,3,4.0
penapolis,SP,37,37,5549.26,127.9577551020408,2.642857142857143,14,2017-01,2018-08,19.929050948557645,,249.76,,0.04379180074916424,363.0,2,3,2.5
peruibe,SP,43,42,7697.98,130.40689153439155,2.388888888888889,18,2017-02,2018-08,42.394051639376386,,374.3666666666666,,0.060748353173405344,277.0,3,3,3.0
petrolina,PE,60,60,16033.95,240.10875148809524,3.75,16,2017-05,2018-08,86.66504837693437,,999.7599999999999,,0.1265313832154309,140.0,4,3,3.5
petropolis,RJ,228,221,37861.14,140.47935612585943,11.4,20,2017-01,2018-08,69.11183287592695,,2608.8933333333334,,0.2987799272364625,54.0,5,3,4.0
piedade,SP,22,22,2919.16,131.79751282051282,1.6923076923076923,13,2017-03,2018-06,112.83713573822932,,269.5,,0.023036454063231904,502.0,1,3,2.0
pindamonhangaba,SP,97,95,14105.099999999999,127.03400264550265,5.388888888888889,18,2017-03,2018-08,135.01859786645653,,767.7933333333334,,0.11130992758440521,157.0,4,3,3.5
pinhais,PR,65,65,9929.09,111.2745977443609,3.4210526315789473,19,2017-01,2018-08,252.76994063307924,,563.6966666666667,,0.0783550835427641,216.0,3,3,3.0
piracaia,SP,21,20,2866.91,130.48583333333335,2.1,10,2017-07,2018-08,25.261075018956788,,122.01000000000002,,0.022624124925807485,504.0,1,3,2.0
piracicaba,SP,353,349,53360.48,127.44922340808841,16.80952380952381,21,2016-10,2018-08,99.83159233353425,116.17,5182.68,4361.28948954119,0.4210924534153677,37.0,5,5,5.0
pirapora,MG,42,42,7842.16,132.72636507936508,2.8,15,2017-03,2018-08,93.61642859574638,,850.1633333333333,,0.06188614484869438,273.0,3,3,3.0
pirassununga,SP,67,67,9609.380000000001,130.98766547619047,3.35,20,2016-10,2018-08,147.2574447140918,161.65,777.1700000000001,380.77327559542226,0.07583210270973137,224.0,3,5,4.0
pitangui,MG,22,22,3064.2000000000003,120.56944444444444,2.4444444444444446,9,2017-07,2018-08,125.53585845078298,,483.21500000000003,,0.02418103239992162,493.0,1,3,2.0
piumhii,MG,27,27,4412.04,171.93386904761905,1.9285714285714286,14,2017-03,2018-07,215.09863252087126,,375.15999999999997,,0.03481746693745519,430.0,1,3,2.0
poa,SP,85,83,10803.8,109.00638315696648,4.722222222222222,18,2016-10,2018-08,65.81581615257521,91.16,762.6899999999999,736.64984642387,0.0852578284192524,201.0,4,5,4.5
pocos de caldas,MG,114,112,17479.78,141.34086610941966,5.428571428571429,21,2016-10,2018-08,141.6703626912454,282.24,1161.7066666666667,311.6024187452759,0.13794110257930356,131.0,4,5,4.5
ponta grossa,PR,139,138,21618.0,130.37984583333335,6.95,20,2017-01,2018-08,33.8970003753729,,1250.7966666666666,,0.17059772809265245,98.0,5,3,4.0
ponte nova,MG,37,37,6401.0,156.0362222222222,2.466666666666667,15,2017-02,2018-07,104.40568083679419,,968.1400000000001,,0.05051327863452069,322.0,2,3,2.5
porto alegre,RS,1324,1302,211822.87,137.59044639865962,63.04761904761905,21,2016-10,2018-08,92.5941842890837,169.89000000000001,14336.81,8338.87809759256,1.6715931344280355,6.0,5,5,5.0
porto feliz,SP,21,21,3365.57,143.382,2.1,10,2017-06,2018-08,74.60903019165478,,284.61,,0.026559283732851713,482.0,1,3,2.0
porto ferreira,SP,25,25,2082.08,69.96051785714286,1.7857142857142858,14,2017-01,2018-07,115.97064137853353,,373.45,,0.01643066508035664,526.0,1,3,2.0
porto seguro,BA,39,37,11671.599999999999,341.276774691358,2.1666666666666665,18,2017-01,2018-08,122.07402282649949,,483.6466666666666,,0.09210604326053298,187.0,4,3,3.5
porto velho,RO,106,106,25877.87,214.57186944444442,5.3,20,2017-01,2018-08,78.21374124566738,,1714.36,,0.2042143505355263,80.0,5,3,4.0
pouso alegre,MG,128,126,23967.97,159.91907761141508,6.7368421052631575,19,2017-02,2018-08,43.85496918503729,,1849.1333333333332,,0.18914243819931775,90.0,5,3,4.0
praia grande,SP,293,283,42751.83,130.2475459789693,13.952380952380953,21,2016-10,2018-08,34.82275061033802,237.09000000000003,3555.7966666666666,1399.7666146470397,0.3373746447313952,45.0,5,5,5.0
presidente epitacio,SP,22,22,2968.2,135.05569444444444,1.8333333333333333,12,2017-06,2018-08,114.58398889120163,,293.72,,0.023423451592404984,500.0,1,3,2.0
presidente prudente,SP,154,153,28920.77,157.74122027064118,7.7,20,2017-01,2018-08,90.00258487900022,,1608.9233333333332,,0.22822729469378017,74.0,5,3,4.0
presidente venceslau,SP,22,22,3410.89,139.73758658008657,2.0,11,2017-06,2018-08,152.28523255674222,,193.60500000000002,,0.026916925005733523,478.0,1,3,2.0
primavera do leste,MT,27,27,6969.92,225.42339743589744,2.076923076923077,13,2017-01,2018-06,305.6484423214619,,569.22,,0.05500289189506616,304.0,3,4,3.5
promissao,SP,31,31,4728.07,150.80628431372548,1.8235294117647058,17,2017-02,2018-08,119.24235826164949,,189.79666666666665,,0.03731140717286646,415.0,2,4,3.0
queimados,RJ,50,50,6648.2,110.55960648148148,2.7777777777777777,18,2017-02,2018-08,119.37823884083576,,469.2266666666667,,0.05246404921387603,314.0,3,4,3.5
rancharia,SP,21,21,3006.84,132.83454545454546,1.9090909090909092,11,2017-06,2018-07,74.36332772890451,,144.565,,0.023728377867430435,498.0,1,4,2.5
recife,PE,585,574,103490.85,154.89510974158924,27.857142857142858,21,2016-10,2018-08,29.520191219783396,548.55,6717.856666666667,1124.657126363443,0.8166946011831566,15.0,5,5,5.0
registro,SP,44,43,6741.32,139.4360854341737,2.588235294117647,17,2017-01,2018-08,75.05937964570856,,485.6766666666667,,0.05319890259716716,311.0,3,4,3.5
resende,RJ,112,111,15930.6,137.74746742424242,5.6,20,2017-01,2018-08,63.13470639671949,,842.2233333333334,,0.12571580012733874,142.0,4,4,4.0
ribeirao das neves,MG,96,93,14389.1,121.38287753474596,5.052631578947368,19,2017-02,2018-08,208.68139019991247,,585.7299999999999,,0.11355110413997527,151.0,4,4,4.0
ribeirao pires,SP,104,103,11441.51,109.77180384199134,5.2,20,2017-01,2018-08,111.74460688754681,,604.9399999999999,,0.09029029567718401,192.0,4,4,4.0
ribeirao preto,SP,495,488,73660.45,134.96214503633962,23.571428571428573,21,2016-10,2018-08,29.856036172335166,534.98,4618.849999999999,763.3687240644509,0.5812889915941539,24.0,5,5,5.0
rio bonito,RJ,25,25,4525.31,150.6922023809524,1.7857142857142858,14,2017-03,2018-06,65.1042421742586,,200.23,,0.03571133337565738,424.0,1,4,2.5
rio branco,AC,67,66,16695.84,237.53547222222224,3.35,20,2017-01,2018-08,26.631797097711868,,990.5766666666667,,0.13175466613925574,134.0,4,4,4.0
rio claro,SP,150,148,22378.82,123.36199165242651,7.5,20,2017-01,2018-08,114.85575945301044,,2019.5600000000002,,0.17660171382155668,96.0,5,4,4.5
rio das ostras,RJ,128,127,20523.53,134.08543150676937,6.4,20,2017-01,2018-08,93.41577144815933,,1084.5366666666666,,0.16196075448429065,110.0,4,4,4.0
rio de janeiro,RJ,6495,6407,1098936.05,148.6646925439423,309.2857142857143,21,2016-10,2018-08,20.652286369128007,6755.7699999999995,63180.0,835.2005766922202,8.672217293418148,2.0,5,5,5.0
rio do sul,SC,34,34,5598.91,144.1705588235294,2.0,17,2017-02,2018-08,266.8462848911788,,200.625,,0.04418361207305175,358.0,2,4,3.0
rio grande,RS,121,121,19068.89,145.7804484126984,6.722222222222222,18,2017-03,2018-08,360.23545153000504,,1178.5366666666666,,0.15048151129839482,118.0,4,4,4.0
rio grande da serra,SP,24,24,2535.33,93.21564102564102,1.8461538461538463,13,2017-04,2018-08,88.73880054944328,,207.12,,0.020007472382512007,520.0,1,4,2.5
rio verde,GO,59,59,11131.25,150.15638095238097,3.2777777777777777,18,2017-01,2018-08,41.75296793145964,,735.1033333333334,,0.08784188920489118,195.0,4,4,4.0
rolandia,PR,24,24,5701.33,191.58642857142857,1.7142857142857142,14,2017-02,2018-08,151.0365539813095,,742.1700000000001,,0.044991856097071056,352.0,2,4,3.0
rondonopolis,MT,64,61,12381.59,171.99803926482875,3.3684210526315788,19,2017-01,2018-08,250.69907968090035,,480.25666666666666,,0.09770890573479066,176.0,4,4,4.0
sabara,MG,42,42,5334.360000000001,118.29467592592593,2.3333333333333335,18,2017-01,2018-08,73.40595154006735,,457.22333333333336,,0.04209592454567127,376.0,2,4,3.0
salinas,MG,22,22,5691.16,164.93995590828925,2.4444444444444446,9,2017-03,2018-07,379.00560068398653,,757.6850000000001,,0.044911599880274766,354.0,2,4,3.0
salto,SP,87,87,11527.99,121.70679545454546,4.35,20,2016-10,2018-08,130.29679893079748,196.27,482.02666666666664,145.5936549990659,0.09097274972128858,190.0,4,5,4.5
salvador,BA,1170,1154,204355.1,159.61051086269373,58.5,20,2017-01,2018-08,17.366160308592242,,13908.443333333335,,1.6126614758139886,8.0,5,4,4.5
santa barbara,MG,25,25,5295.31,199.07534615384614,1.9230769230769231,13,2017-02,2018-08,72.834711761127,,371.20500000000004,,0.04178776276928039,380.0,2,4,3.0
santa barbara d'oeste,SP,118,117,15081.25,110.30553183147262,6.2105263157894735,19,2017-01,2018-08,63.988333313407566,,1029.1133333333335,,0.11901318284750276,147.0,4,4,4.0
santa cruz do rio pardo,SP,33,33,3044.47,84.00949074074074,1.8333333333333333,18,2017-01,2018-08,210.12749644486047,,243.435,,0.024025333761043464,497.0,1,4,2.5
santa cruz do sul,RS,62,62,11974.65,138.6922738095238,3.1,20,2016-10,2018-08,151.16218034692164,62.33,278.12,346.20567944809886,0.09449755225759462,183.0,4,5,4.5
santa fe do sul,SP,34,33,4605.21,140.36685416666666,2.125,16,2017-02,2018-08,115.08449769300141,,237.15666666666667,,0.03634186156858007,420.0,2,4,3.0
santa isabel,SP,28,27,3176.19,105.80333333333333,2.0,14,2016-10,2018-08,48.50093958241291,115.22,131.12,13.799687554244061,0.02506479776069025,486.0,1,5,3.0
santa luzia,MG,88,87,13019.96,121.71038591269841,4.4,20,2017-01,2018-08,85.53665969706067,,632.44,,0.10274658136077393,168.0,4,4,4.0
santa maria,RS,190,187,36630.43,181.91454736929737,9.5,20,2017-01,2018-08,78.21487968762112,,1941.4966666666667,,0.28906782019876676,59.0,5,4,4.5
santa rita do sapucai,MG,35,34,4687.13,109.82090136054421,2.5,14,2017-01,2018-08,280.23674777696675,,181.29999999999998,,0.0369883305243276,416.0,2,4,3.0
santa rosa,RS,31,30,3552.89,103.75102564102563,2.3846153846153846,13,2016-10,2018-08,62.78041592121824,45.7,342.27,648.9496717724288,0.02803751328351855,466.0,1,5,3.0
santana de parnaiba,SP,177,174,25820.07,123.99979977235407,8.85,20,2017-01,2018-08,66.79150849350312,,2512.4500000000003,,0.20375822375766733,81.0,5,4,4.5
santana do livramento,RS,20,20,4760.39,209.65,1.6666666666666667,12,2017-02,2018-08,7.0314878343994,,130.15666666666667,,0.037566459378063737,413.0,2,4,3.0
santarem,PA,43,42,7125.51,158.4261274509804,2.5294117647058822,17,2016-10,2018-08,194.0891640716684,121.00999999999999,229.8033333333333,89.90441561303474,0.05623072520591526,297.0,3,5,4.0
santiago,RS,25,25,2832.9700000000003,100.04907051282052,1.9230769230769231,13,2017-01,2018-08,89.1685769470562,,217.32333333333335,,0.022356288544483377,507.0,1,4,2.5
santo andre,SP,770,760,101368.23999999999,119.699459029302,36.666666666666664,21,2016-10,2018-08,32.21709745448685,406.41999999999996,7153.69,1660.1717435165592,0.7999440949556266,16.0,5,5,5.0
santo angelo,RS,44,44,6399.2300000000005,115.97022807017545,2.3157894736842106,19,2016-10,2018-08,168.81085237110597,168.76999999999998,300.1166666666667,77.8258379253817,0.050499310738382104,323.0,2,5,3.5
santo antonio de jesus,BA,29,28,5060.15,160.45244444444447,1.9333333333333333,15,2017-01,2018-08,57.123264974761454,,421.14333333333326,,0.03993200544953442,397.0,2,4,3.0
santo antonio de padua,RJ,29,29,5639.14,191.24678571428572,2.0714285714285716,14,2016-10,2018-08,106.94192672199208,50.86,568.1866666666666,1017.1582120854632,0.04450108578020169,356.0,2,5,3.5
santo antonio de posse,SP,20,20,5393.22,219.94371794871796,1.5384615384615385,13,2017-04,2018-07,1278.2466278299341,,200.79,,0.04256041627827991,373.0,2,4,3.0
santos,SP,694,687,110611.72,134.87159081111184,33.04761904761905,21,2016-10,2018-08,39.646116184382734,501.26,8228.723333333333,1541.6078149729349,0.8728887099833753,13.0,5,5,5.0
santos dumont,MG,22,22,2559.58,104.66153846153846,1.6923076923076923,13,2017-01,2018-08,147.5792679637257,,245.70666666666668,,0.020198840451077407,518.0,1,4,2.5
sao bento do sul,SC,43,43,6049.05,131.40167410714284,2.6875,16,2017-03,2018-08,66.59416157200172,,567.7133333333333,,0.04773587691363028,338.0,2,4,3.0
sao bernardo do campo,SP,893,885,114627.94,110.43420837666326,42.523809523809526,21,2016-10,2018-08,41.380662704721935,143.82999999999998,7912.170000000001,5401.0568031704115,0.9045825765538384,11.0,5,5,5.0
sao caetano do sul,SP,269,264,36205.51,121.72575383336999,12.80952380952381,21,2016-10,2018-08,96.62168997085934,117.86000000000001,2079.2266666666665,1664.1495559703599,0.28571457814949625,60.0,5,5,5.0
sao carlos,SP,230,224,33826.61,124.51854928148416,10.952380952380953,21,2016-10,2018-08,82.66730691637018,92.8,2176.866666666667,2245.7614942528735,0.2669415679098991,63.0,5,5,5.0
sao fidelis,RJ,23,23,2597.42,98.59458333333333,1.9166666666666667,12,2017-04,2018-08,95.60726896702714,,128.9,,0.020497453552706883,516.0,1,4,2.5
sao gabriel,RS,23,22,2829.82,114.73303571428572,1.6428571428571428,14,2017-04,2018-07,20.04681938957422,,353.27,,0.022331430424236735,508.0,1,4,2.5
sao goncalo,RJ,379,375,58715.57,166.2322447439685,18.047619047619047,21,2016-10,2018-08,25.804603824776486,918.41,2899.646666666667,215.72464004819932,0.4633519680666621,31.0,5,5,5.0
sao gotardo,MG,20,20,3078.92,124.71970588235295,1.1764705882352942,17,2017-02,2018-08,120.19313712318667,,252.8066666666667,,0.024297194790407504,492.0,1,4,2.5
sao joao da boa vista,SP,78,76,13187.15,142.77692587383376,4.105263157894737,19,2016-10,2018-08,96.1108032973312,267.49,643.3733333333333,140.52238712973693,0.10406595568586464,167.0,4,5,4.5
sao joao de meriti,RJ,124,123,20832.28,141.37859375,6.2,20,2017-01,2018-08,84.72817739004684,,1606.7366666666667,,0.16439724484179857,109.0,4,4,4.0
sao joao del rei,MG,64,64,9520.72,170.31530595238095,3.2,20,2017-01,2018-08,214.01170478023982,,567.8933333333333,,0.07513244526812277,227.0,3,4,3.5
sao joaquim da barra,SP,34,32,4952.04,114.78306410256408,2.6153846153846154,13,2016-09,2018-08,53.99187367696308,143.46,286.85,99.95120591105535,0.039078858979736265,403.0,2,5,3.5
sao jose,SC,166,165,24057.81,127.31621891461364,7.904761904761905,21,2016-10,2018-08,95.4613923314736,417.91999999999996,1773.8100000000002,324.43769142419615,0.1898514075716854,89.0,5,5,5.0
sao jose do rio pardo,SP,44,44,5971.05,129.68838839285715,2.75,16,2016-10,2018-07,75.95539528076765,160.44,71.45,-55.466217900772875,0.047120342507523005,346.0,2,1,1.5
sao jose do rio preto,SP,327,324,52570.56,136.5807571363544,16.35,20,2017-01,2018-08,78.50295755745861,,3879.7400000000002,,0.414858826004185,38.0,5,4,4.5
sao jose dos campos,SP,657,649,85468.38,109.49100273940927,31.285714285714285,21,2016-10,2018-08,121.81931824214871,27.86,5776.356666666667,20633.512802105768,0.674470878516028,21.0,5,5,5.0
sao jose dos pinhais,PR,125,123,16976.99,128.4675930166325,6.578947368421052,19,2016-10,2018-08,46.387729036636216,71.21,747.44,949.6278612554418,0.13397335201460264,133.0,4,5,4.5
sao leopoldo,RS,102,102,13004.18,117.89662083333333,5.1,20,2017-01,2018-08,35.76902648245749,,765.7433333333333,,0.1026220540155384,169.0,4,4,4.0
sao lourenco,MG,31,29,4820.36,124.43139136904762,1.9375,16,2016-10,2018-08,77.27006902917518,76.47,307.605,302.25578658297377,0.03803971063875928,409.0,2,5,3.5
sao luis,MA,334,331,62077.49,154.46993903402515,15.904761904761905,21,2016-10,2018-08,19.816202880672126,625.2,2549.1066666666666,307.7265941565365,0.4898824479458947,27.0,5,5,5.0
sao mateus,ES,47,43,7679.63,166.32699019607844,2.764705882352941,17,2017-02,2018-08,106.82506273243017,,554.4666666666667,,0.06060354475863523,278.0,3,4,3.5
sao miguel do oeste,SC,38,38,7026.7,169.3453431372549,2.235294117647059,17,2017-01,2018-08,158.2871895843694,,439.99,,0.055450969376845266,302.0,3,4,3.5
sao paulo,SP,14810,14607,2077261.31,123.32708726377236,705.2380952380952,21,2016-10,2018-08,32.11454743688513,4010.56,153272.08666666667,3721.7128447565096,16.392638548467342,1.0,5,5,5.0
sao pedro da aldeia,RJ,46,46,5712.97,112.4530365079365,3.066666666666667,15,2017-04,2018-08,116.81281129665028,,391.7166666666667,,0.04508371276998246,351.0,2,4,3.0
sao roque,SP,75,74,10721.19,119.03385800137363,4.6875,16,2017-01,2018-08,51.07033528115845,,578.48,,0.08460591435145086,203.0,4,4,4.0
sao sebastiao,SP,56,56,8813.8,130.99279569327732,3.5,16,2017-03,2018-08,68.30047400224554,,483.15333333333336,,0.06955380959677214,243.0,3,4,3.5
sao sebastiao do paraiso,MG,34,33,5301.12,164.8372745098039,2.0,17,2017-01,2018-08,190.76771974082695,,216.42333333333332,,0.04183361219106863,378.0,2,4,3.0
sao vicente,SP,153,153,21009.43,121.78003134537938,8.5,18,2017-02,2018-08,49.0541417094193,,1963.38,,0.1657952181756691,106.0,4,4,4.0
sapiranga,RS,23,23,4014.95,152.76977551020406,1.6428571428571428,14,2017-01,2018-08,146.97800693071966,,231.995,,0.03168384440769705,441.0,1,4,2.5
sapucaia do sul,RS,39,39,6392.7,151.09207671957674,2.1666666666666665,18,2017-02,2018-08,68.03688827364378,,236.78333333333333,,0.05044777946053748,324.0,2,4,3.0
saquarema,RJ,44,40,4816.04,92.84411458333334,2.75,16,2017-02,2018-08,147.21401079940009,,408.7,,0.03800561950242103,410.0,2,4,3.0
seropedica,RJ,32,31,5132.52,136.21802083333333,2.0,16,2017-02,2018-07,47.6106168955162,,211.28500000000003,,0.040503110897867546,394.0,2,4,3.0
serra,ES,278,273,41555.07,128.71643908031245,13.9,20,2017-01,2018-08,105.16684929659849,,3086.186666666667,,0.327930452989691,48.0,5,4,4.5
sertaozinho,SP,60,59,7769.2699999999995,102.5909625,3.0,20,2016-10,2018-08,149.00154313875933,35.86,242.49333333333334,576.2223461609964,0.06131093583765389,275.0,3,5,4.0
sete lagoas,MG,123,121,19700.23,149.1143186147186,6.15,20,2017-01,2018-08,108.68565781713146,,974.4633333333333,,0.155463709913161,114.0,4,4,4.0
simoes filho,BA,21,21,5223.07,207.77923611111112,1.75,12,2017-02,2018-07,83.93623962773165,,119.995,,0.04121768321162412,385.0,2,4,3.0
sinop,MT,42,41,7659.7300000000005,135.91540625,2.625,16,2017-02,2018-08,115.6196183690316,,525.6133333333333,,0.06044650457041043,280.0,3,4,3.5
sobral,CE,32,32,12338.18,340.9307888888889,2.1333333333333333,15,2016-10,2018-08,296.4168939966338,85.08,1368.83,1508.8740009402916,0.09736633716339174,177.0,4,5,4.5
sorocaba,SP,602,590,84183.08,122.46317061221582,28.666666666666668,21,2016-10,2018-08,55.159678620963135,115.22,5552.106666666667,4718.700457096568,0.6643279763087246,22.0,5,5,5.0
sorriso,MT,20,20,4009.03,165.63865277777776,1.6666666666666667,12,2017-02,2018-08,188.4168996148054,,356.815,,0.03163712692456686,444.0,1,4,2.5
sumare,SP,177,174,24287.510000000002,131.1592941219234,8.85,20,2017-01,2018-08,36.68575093026414,,2118.5433333333335,,0.19166407748300388,88.0,5,4,4.5
suzano,SP,227,225,27927.35,109.45898040696272,11.35,20,2016-10,2018-08,30.101190543033752,328.65000000000003,2085.2666666666664,534.494649830113,0.2203877537999971,76.0,5,5,5.0
taboao da serra,SP,281,274,39140.42,129.17229926791026,14.05,20,2017-01,2018-08,51.59498021806938,,2883.056666666667,,0.3088753228139613,52.0,5,4,4.5
tangara da serra,MT,21,21,4533.72,230.35153846153847,1.6153846153846154,13,2017-04,2018-08,85.70631303673633,,567.9766666666667,,0.035777700610982524,422.0,1,4,2.5
taquara,RS,21,21,4954.91,210.50857142857143,1.5,14,2017-04,2018-08,193.48424041935516,,268.2266666666667,,0.03910150748929432,402.0,2,4,3.0
taquaritinga,SP,33,33,5237.070000000001,120.09488095238096,2.357142857142857,14,2017-01,2018-08,88.57227174723845,,345.2933333333333,,0.04132816374605364,383.0,2,4,3.0
tatui,SP,70,70,12452.44,159.56181785714287,3.5,20,2016-10,2018-08,38.48408590689476,224.32000000000002,919.4633333333333,309.88914645744165,0.09826801615367145,175.0,4,5,4.5
taubate,SP,258,257,33602.62,117.42061229759165,12.285714285714286,21,2016-10,2018-08,32.87852630159943,203.24,2346.6266666666666,1054.6086728334315,0.2651739582736944,64.0,5,5,5.0
teixeira de freitas,BA,28,27,4143.099999999999,140.09196428571428,2.0,14,2017-01,2018-07,203.29629660211782,,495.01,,0.03269513587106431,437.0,1,4,2.5
telemaco borba,PR,34,34,5458.21,150.88870833333334,2.125,16,2017-02,2018-08,92.23129207900715,,401.60666666666674,,0.04307328270203518,371.0,2,4,3.0
teofilo otoni,MG,74,74,9490.41,99.58837956349205,3.7,20,2017-01,2018-08,72.8438904986635,,638.9766666666666,,0.07489325491108287,228.0,3,4,3.5
teresina,PI,267,264,58787.25,200.42755264416388,12.714285714285714,21,2016-10,2018-08,41.28284422779973,246.09,3515.193333333334,1328.4177875303076,0.4639176284029412,30.0,5,5,5.0
teresopolis,RJ,118,116,20169.36,155.1628653594771,5.9,20,2017-01,2018-08,98.70246612975203,,2001.1266666666668,,0.15916583370722642,112.0,4,4,4.0
tiete,SP,35,35,4792.73,127.74456349206349,2.3333333333333335,15,2017-03,2018-08,114.67059725844352,,323.90333333333336,,0.0378216694125959,411.0,2,4,3.0
tijucas,SC,30,29,4144.17,156.0386111111111,1.6666666666666667,18,2017-01,2018-07,48.71934216853857,,302.395,,0.03270357974048142,436.0,1,4,2.5
timbo,SC,20,18,4468.12,186.06351851851852,2.2222222222222223,9,2017-08,2018-08,286.5567745133688,,953.1500000000001,,0.035260020392512824,427.0,1,4,2.5
timoteo,MG,50,49,8850.32,125.17096180555556,3.125,16,2017-03,2018-08,124.39121291074424,,183.72333333333333,,0.06984200596229825,242.0,3,4,3.5
toledo,PR,70,70,11688.66,144.09374627976192,4.375,16,2017-02,2018-07,93.43083286494613,,708.23,,0.0922406716832021,186.0,4,4,4.0
tramandai,RS,24,24,3151.32,125.79453846153845,1.8461538461538463,13,2017-04,2018-08,44.18123403425838,,188.83999999999997,,0.02486853698274297,489.0,1,4,2.5
tremembe,SP,38,36,5462.7,117.28408823529412,2.235294117647059,17,2017-02,2018-08,119.30583883589635,,293.455,,0.04310871538772007,369.0,2,4,3.0
tres coracoes,MG,40,39,5434.13,112.59827380952382,2.5,16,2017-03,2018-08,54.65472262334122,,431.47333333333336,,0.04288325618281642,372.0,2,4,3.0
tres lagoas,MS,42,42,8544.949999999999,193.98985763888888,2.625,16,2017-02,2018-08,131.82336591846055,,764.9033333333333,,0.0674321887623883,248.0,3,4,3.5
tres rios,RJ,37,36,7872.7300000000005,241.6481666666667,2.466666666666667,15,2017-03,2018-06,105.795926085959,,421.91999999999996,,0.062127386987087974,272.0,3,4,3.5
trindade,GO,23,23,3841.2400000000002,140.8907142857143,1.6428571428571428,14,2017-02,2018-08,175.08973065553667,,320.18333333333334,,0.030313017719429194,451.0,1,4,2.5
tubarao,SC,59,57,11922.72,170.4068267195767,3.2777777777777777,18,2017-01,2018-08,283.1284532355023,,504.6166666666666,,0.09408774838952859,185.0,4,4,4.0
tupa,SP,50,50,7386.55,111.51266865079366,3.5714285714285716,14,2017-02,2018-08,389.1777795322627,,461.07666666666665,,0.0582907136850209,290.0,3,4,3.5
uba,MG,52,52,7620.8,117.66506018518518,2.888888888888889,18,2017-03,2018-08,85.24680905747147,,480.3533333333333,,0.06013928977002895,283.0,3,4,3.5
ubatuba,SP,70,70,9392.88,104.93579254850088,3.888888888888889,18,2017-03,2018-08,111.97217129240748,,519.48,,0.07412360015944644,231.0,3,4,3.5
uberaba,MG,183,179,31507.670000000002,148.17535357726425,9.15,20,2017-01,2018-08,92.85231660877601,,2928.396666666667,,0.24864173001633003,69.0,5,4,4.5
uberlandia,MG,362,361,55122.58,155.44660100779734,17.238095238095237,21,2016-10,2018-08,35.10910939127403,515.21,3814.0333333333333,640.287132107943,0.43499800696667046,35.0,5,5,5.0
umuarama,PR,40,39,6603.01,180.06835416666667,2.5,16,2017-03,2018-08,63.44452906397059,,386.24,,0.05210743383167107,316.0,2,4,3.0
unai,MG,54,53,8064.51,135.05397549019608,3.176470588235294,17,2017-04,2018-08,102.53798734025229,,612.87,,0.06364081247943736,266.0,3,4,3.5
uniao da vitoria,PR,29,28,6037.75,140.47393601190475,1.8125,16,2017-02,2018-08,161.5693428087697,,305.96333333333337,,0.04764670333941217,340.0,2,4,3.0
uruguaiana,RS,47,47,5460.41,91.47768229166667,2.9375,16,2017-02,2018-08,65.80413299303969,,501.17,,0.0430906439288741,370.0,2,4,3.0
valenca,BA,34,34,7228.86,226.61489583333332,2.125,16,2017-02,2018-08,75.47630530446801,,644.7633333333333,,0.05704630829400738,295.0,3,4,3.5
valenca,RJ,27,27,4610.21,137.5170138888889,2.25,12,2017-03,2018-08,158.70910005466126,,164.25,,0.03638131890230489,419.0,2,4,3.0
valinhos,SP,179,176,24979.68,112.99183202214451,8.95,20,2016-10,2018-08,76.91786547163865,99.23,2136.41,2052.988007658974,0.19712631401986624,86.0,5,5,5.0
valparaiso de goias,GO,37,37,6424.51,155.9492380952381,2.642857142857143,14,2017-05,2018-08,67.9240914417731,,467.03666666666663,,0.05069880701769482,320.0,2,4,3.0
vargem grande paulista,SP,43,43,5368.16,105.58866666666667,2.8666666666666667,15,2017-03,2018-08,137.01670914361904,,263.19,,0.042362656121651084,374.0,2,4,3.0
varginha,MG,87,85,15872.79,142.9050273809524,4.35,20,2016-10,2018-08,199.48557489616772,220.23000000000002,948.2766666666668,330.58469176164317,0.12525959443481233,144.0,4,5,4.5
varzea grande,MT,37,37,7663.66,156.50508123249298,2.176470588235294,17,2017-02,2018-08,108.72330367495185,,217.0633333333333,,0.06047751803471814,279.0,3,4,3.5
varzea paulista,SP,74,71,12061.53,134.534528708134,3.8947368421052633,19,2017-01,2018-08,63.31836526591035,,603.2266666666666,,0.09518316288839719,181.0,4,4,4.0
vassouras,RJ,36,35,5309.87,121.5929938271605,2.0,18,2017-02,2018-08,147.18528916176797,,285.29,,0.04190266252508707,377.0,2,4,3.0
venancio aires,RS,26,25,3352.84,137.95816666666667,2.1666666666666665,12,2017-02,2018-08,55.806925540283196,,300.26,,0.026458825361188307,483.0,1,4,2.5
vespasiano,MG,41,41,6842.379999999999,158.76501041666666,2.5625,16,2017-02,2018-08,140.08893762481097,,1000.5566666666667,,0.05399641422641332,309.0,3,4,3.5
viamao,RS,69,68,7909.56,96.27975959643116,3.8333333333333335,18,2017-02,2018-07,231.83372967895716,,511.295,,0.06241802970730503,271.0,3,4,3.5
viana,ES,21,21,3937.27,156.87805555555556,1.75,12,2017-04,2018-08,47.3878939095082,,276.905,,0.03107083527094818,447.0,1,4,2.5
vicosa,MG,86,86,18188.06,150.6775564173481,4.777777777777778,18,2017-03,2018-08,496.919778158368,,1272.63,,0.14353047064542734,127.0,4,4,4.0
videira,SC,43,43,9181.03,159.58809375,2.6875,16,2017-01,2018-08,208.5908557101949,,305.27,,0.07245179292952562,234.0,3,4,3.5
vila velha,ES,324,322,54447.630000000005,173.40488503726957,16.2,20,2016-10,2018-08,29.569500429115482,783.22,4897.233333333334,525.2691878825021,0.4296716614871564,36.0,5,5,5.0
vinhedo,SP,90,89,10382.01,108.92840436507936,4.5,20,2017-01,2018-08,54.335189345510436,,561.78,,0.08192928666089364,208.0,4,4,4.0
vitoria,ES,369,367,60991.52,142.33134551865345,18.45,20,2017-01,2018-08,43.49393759477978,,5580.066666666667,,0.48131255180486504,28.0,5,4,4.5
vitoria da conquista,BA,88,88,19252.21,166.22671888053466,4.631578947368421,19,2017-02,2018-08,84.86863306079626,,1044.36,,0.1519281749820818,115.0,4,4,4.0
volta redonda,RJ,219,216,37346.81,156.8910817277537,10.95,20,2017-01,2018-08,72.66542928338353,,3176.023333333333,,0.2947211091455247,57.0,5,4,4.5
votorantim,SP,83,82,12036.93,116.68765249662619,4.368421052631579,19,2017-01,2018-08,65.90017412950644,,875.7533333333332,,0.09498903280647104,182.0,4,4,4.0
votuporanga,SP,63,63,9740.19,126.96188034188036,3.3157894736842106,19,2017-02,2018-08,98.54007282548565,,331.35333333333335,,0.07686438547464022,218.0,3,5,4.0
xanxere,SC,29,29,4906.49,140.6225,1.9333333333333333,15,2016-10,2018-08,60.18605266792556,676.9200000000001,160.61666666666667,-76.27243002619709,0.03871940266950311,406.0,2,1,1.5
