customer_city,customer_state,product_category_name_english,order_count,total_revenue,unique_customers,avg_item_value,city_total_revenue,category_share_pct,category_rank,growth_rate_pct,opportunity_score,total_revenue_city,total_orders,growth_opp_score
sao paulo,SP,health_beauty,1500,207702.9,1475,121.10956268221574,2077261.31,9.998881652496575,1.0,3721.7128447565096,5.0,2077261.31,14810,42.58120899711286
sao paulo,SP,bed_bath_table,1623,196578.9,1574,100.8096923076923,2077261.31,9.463368862341156,2.0,3721.7128447565096,5.0,2077261.31,14810,42.19720113675292
sao paulo,SP,watches_gifts,760,169652.84,749,205.3908474576271,2077261.31,8.167140031121072,3.0,3721.7128447565096,5.0,2077261.31,14810,41.26769568111438
sao paulo,SP,sports_leisure,1229,160224.11000000002,1193,118.24657564575647,2077261.31,7.71323806151283,4.0,3721.7128447565096,5.0,2077261.31,14810,40.942209665902986
sao paulo,SP,computers_accessories,980,156232.01,960,130.41069282136897,2077261.31,7.521057136523666,5.0,3721.7128447565096,5.0,2077261.31,14810,40.80439972529323
sao jose dos campos,SP,sports_leisure,42,8196.79,41,167.2814285714286,85468.38,9.590435667553312,1.0,20633.512802105768,5.0,85468.38,657,38.11149392316194
sao jose dos campos,SP,auto,39,7729.42,39,193.2355,85468.38,9.043601856031435,2.0,20633.512802105768,5.0,85468.38,657,37.71936793514578
sao jose dos campos,SP,health_beauty,63,7405.87,63,101.45027397260274,85468.38,8.665040802224166,3.0,20633.512802105768,5.0,85468.38,657,37.4479077142873
sao jose dos campos,SP,computers_accessories,55,6675.75,53,107.67338709677419,85468.38,7.8107833563710924,4.0,20633.512802105768,5.0,85468.38,657,36.83533303818409
sao jose dos campos,SP,bed_bath_table,44,5107.4,43,98.21923076923076,85468.38,5.97577724065906,5.0,20633.512802105768,5.0,85468.38,657,35.51947880426848
eunapolis,BA,computers_accessories,3,3626.6,3,725.3199999999999,7715.63,47.003290722857365,1.0,269.19179537468335,4.0,7715.63,36,34.20814587260219
campos do jordao,SP,housewares,1,1488.59,1,1488.59,3913.12,38.04100053154516,1.0,3479.1119860017498,3.0,3913.12,25,32.393559847982665
guarulhos,SP,watches_gifts,77,17377.41,75,206.87392857142856,155983.66999999998,11.140531569747015,1.0,13281.159721500571,5.0,155983.67,1128,29.551512257188172
gaspar,SC,computers_accessories,4,4401.05,4,628.7214285714286,11602.95,37.93044010359434,1.0,1115.5428186109239,4.5,11602.949999999999,29,28.988835526446945
guarulhos,SP,health_beauty,121,14799.94,117,116.53496062992126,155983.66999999998,9.48813423866742,2.0,13281.159721500571,5.0,155983.67,1128,28.36660393149126
guarulhos,SP,bed_bath_table,121,14550.19,121,109.39992481203008,155983.66999999998,9.3280213242835,3.0,13281.159721500571,5.0,155983.67,1128,28.251789460578774
parnamirim,RN,health_beauty,7,3290.96,7,470.13714285714286,8907.21,36.94714731099862,1.0,545.8087698613216,4.0,8907.21,55,27.416437320373927
guarulhos,SP,cool_stuff,48,11901.43,48,247.94645833333334,155983.66999999998,7.629920491036017,4.0,13281.159721500571,5.0,155983.67,1128,27.034107867088665
guarulhos,SP,housewares,77,10300.95,77,103.0095,155983.66999999998,6.603864366058319,5.0,13281.159721500571,5.0,155983.67,1128,26.298339040638158
rio de janeiro,RJ,health_beauty,504,93574.81,491,169.21303797468354,1098936.05,8.515036884994354,1.0,835.2005766922202,5.0,1098936.05,6495,23.191272085364314
rio de janeiro,RJ,watches_gifts,419,93415.51,413,206.21525386313465,1098936.05,8.500541046041759,2.0,835.2005766922202,5.0,1098936.05,6495,23.180877345588456
rio de janeiro,RJ,bed_bath_table,704,91471.82,681,110.3399517490953,1098936.05,8.323670881485778,3.0,835.2005766922202,5.0,1098936.05,6495,23.054046512224165
guapimirim,RJ,health_beauty,4,1097.57,4,274.3925,3446.99,31.8414036594246,1.0,-51.87590348048482,1.0,3446.99,21,22.80733041443806
rio de janeiro,RJ,sports_leisure,495,80319.57,484,139.6862086956522,1098936.05,7.308848408421946,4.0,835.2005766922202,5.0,1098936.05,6495,22.326333162159607
porto alegre,RS,bed_bath_table,155,20969.94,148,120.51689655172413,211822.87,9.899752562128915,1.0,8338.87809759256,5.0,211822.87,1324,22.282396508976273
cambe,PR,small_appliances,2,1352.58,2,676.29,4559.06,29.667957868507976,1.0,516.877133105802,3.0,4559.06,27,22.09178282466342
gaspar,SC,garden_tools,2,3277.22,2,1638.61,11602.95,28.24471362886162,2.0,1115.5428186109239,4.5,11602.949999999999,29,22.043352303694753
rio de janeiro,RJ,computers_accessories,449,73566.37,432,140.662275334608,1098936.05,6.694326753590437,5.0,835.2005766922202,5.0,1098936.05,6495,21.885669278579524
porto alegre,RS,computers_accessories,103,18116.5,100,122.40878378378379,211822.87,8.552664780719855,2.0,8338.87809759256,5.0,211822.87,1324,21.316420894265423
santa cruz do sul,RS,furniture_decor,16,3398.74,16,135.9496,11974.65,28.38279198139403,1.0,346.20567944809886,4.5,11974.65,62,21.029160103797455
porto alegre,RS,health_beauty,101,16151.02,101,141.67561403508773,211822.87,7.62477630484376,3.0,8338.87809759256,5.0,211822.87,1324,20.651046556202633
porto alegre,RS,furniture_decor,117,15976.24,116,112.50873239436619,211822.87,7.542263968003077,4.0,8338.87809759256,5.0,211822.87,1324,20.591878247796235
porto alegre,RS,sports_leisure,105,15902.710000000001,105,139.4974561403509,211822.87,7.507551002401206,5.0,8338.87809759256,5.0,211822.87,1324,20.56698612216903
xanxere,SC,computers,1,1401.85,1,1401.85,4906.49,28.571341223563074,1.0,-76.27243002619709,1.5,4906.49,29,20.44802671789364
curitiba,PR,health_beauty,125,25576.19,123,186.68751824817517,236394.75,10.819271578577782,1.0,4879.60770435193,5.0,236394.75,1474,18.26704849853799
lins,SP,health_beauty,5,1485.76,5,297.152,8111.91,18.315785061717893,1.0,3277.896851975888,4.0,8111.91,51,18.01699932781105
diadema,SP,bed_bath_table,35,3631.05,35,88.56219512195122,32604.29,11.13672464574447,1.0,6460.473805548932,5.0,32604.29,270,17.850021378331796
osasco,SP,health_beauty,70,9564.23,70,116.63695121951218,91761.75,10.422894070786574,1.0,6080.08590529634,5.0,91761.75,719,17.6394389096229
diadema,SP,health_beauty,26,3446.62,26,123.09357142857142,32604.29,10.571062887736552,2.0,6460.473805548932,5.0,32604.29,270,17.444394163868782
sao lourenco,MG,computers_accessories,2,1136.92,2,162.41714285714286,4820.36,23.585790272925678,1.0,302.25578658297377,3.5,4820.36,31,17.4220814183346
diadema,SP,watches_gifts,11,3360.9,11,280.075,32604.29,10.308152700150808,3.0,6460.473805548932,5.0,32604.29,270,17.255865373412945
capivari,SP,computers,1,1250.81,1,1250.81,5252.81,23.812207180537655,1.0,66.48067188219053,3.5,5252.8099999999995,32,17.247882798682117
varginha,MG,computers_accessories,7,3626.2999999999997,7,518.0428571428571,15872.79,22.846015098794854,1.0,330.58469176164317,4.5,15872.79,87,17.09240908821589
osasco,SP,bed_bath_table,74,8737.61,73,102.79541176470589,91761.75,9.522061207420304,2.0,6080.08590529634,5.0,91761.75,719,16.993465728846402
cachoeira do sul,RS,musical_instruments,1,1133.6200000000001,1,1133.6200000000001,4967.25,22.82188333584982,1.0,352.2063595068138,3.5,4967.25,29,16.949042483567045
boa vista,RR,sports_leisure,5,1571.23,4,224.46142857142857,8566.01,18.34261225471369,1.0,2510.11301072153,4.0,8566.01,38,16.926479097172432
curitiba,PR,sports_leisure,133,20978.02,130,138.92728476821193,236394.75,8.87414800878615,2.0,4879.60770435193,5.0,236394.75,1474,16.872230757668387
alem paraiba,MG,sports_leisure,3,813.4300000000001,3,271.1433333333334,3548.32,22.92436984262975,1.0,127.18356082643389,3.0,3548.3199999999997,28,16.67487078717676
maceio,AL,watches_gifts,26,9005.09,25,333.52185185185186,51450.22,17.502529629610912,1.0,2277.51087902524,5.0,51450.22,234,16.605215903748167
cotia,SP,bed_bath_table,31,4048.5,30,96.39285714285714,33540.92,12.070330807860966,1.0,4983.785103785103,5.0,33540.92,240,16.385998005183474
